Suite/Test/Step Name,Browser,Description,Tag,Start time,End time,Duration,Status
Amazon_TestSuite_Excel,Firefox 122.0,Sigin with excel data,,2024-02-08 19:39:32,2024-02-08 19:42:36,3m - 3.905s,PASSED
,,,,,,,
Test Cases/Amazon_SignIn_TC_002,Firefox 122.0,sign in,SignIn,2024-02-08 19:39:32,2024-02-08 19:40:52,1m - 20.138s,PASSED
Start listener action : sampleBeforeTestCase,Firefox 122.0,,,2024-02-08 19:39:32,2024-02-08 19:39:44,11.346s,PASSED
"openBrowser("""")",Firefox 122.0,,,2024-02-08 19:39:44,2024-02-08 19:39:50,5.424s,PASSED
"navigateToUrl(""https://www.amazon.in/"")",Firefox 122.0,,,2024-02-08 19:39:50,2024-02-08 19:40:03,13.553s,PASSED
"click(findTestObject(""Object Repository/Amazon_SignIn_OR/Page_Online Shopping site in India Shop Onl_10c5f3/span_Hello, sign in""))",Firefox 122.0,,,2024-02-08 19:40:03,2024-02-08 19:40:09,5.635s,PASSED
"setText(findTestObject(""Object Repository/Amazon_SignIn_OR/Page_Amazon Sign In/input_Email or mobile phone number_email""), UserID)",Firefox 122.0,,,2024-02-08 19:40:09,2024-02-08 19:40:11,2.434s,PASSED
"click(findTestObject(""Object Repository/Amazon_SignIn_OR/Page_Amazon Sign In/input_Enter your email or mobile phone numb_fc7402""))",Firefox 122.0,,,2024-02-08 19:40:11,2024-02-08 19:40:14,2.760s,PASSED
"setText(findTestObject(""Object Repository/Amazon_SignIn_OR/Page_Amazon Sign In/input_Forgot Password_password""), Password)",Firefox 122.0,,,2024-02-08 19:40:14,2024-02-08 19:40:15,1.226s,PASSED
"click(findTestObject(""Object Repository/Amazon_SignIn_OR/Page_Amazon Sign In/input_Enter your password_signInSubmit""))",Firefox 122.0,,,2024-02-08 19:40:15,2024-02-08 19:40:19,3.431s,PASSED
"click(findTestObject(""Object Repository/Amazon_SignIn_OR/Page_Online Shopping site in India Shop Onl_10c5f3/a_in""))",Firefox 122.0,,,2024-02-08 19:40:19,2024-02-08 19:40:51,32.266s,PASSED
closeBrowser(),Firefox 122.0,,,2024-02-08 19:40:51,2024-02-08 19:40:52,1.357s,PASSED
Start listener action : sampleAfterTestCase,Firefox 122.0,,,2024-02-08 19:40:52,2024-02-08 19:40:52,0.001s,PASSED
,,,,,,,
Test Cases/Amazon_SignIn_TC_002,Firefox 122.0,sign in,SignIn,2024-02-08 19:40:53,2024-02-08 19:42:36,1m - 43.197s,PASSED
Start listener action : sampleBeforeTestCase,Firefox 122.0,,,2024-02-08 19:40:53,2024-02-08 19:41:10,17.418s,PASSED
"openBrowser("""")",Firefox 122.0,,,2024-02-08 19:41:10,2024-02-08 19:41:15,5.436s,PASSED
"navigateToUrl(""https://www.amazon.in/"")",Firefox 122.0,,,2024-02-08 19:41:15,2024-02-08 19:41:34,18.254s,PASSED
"click(findTestObject(""Object Repository/Amazon_SignIn_OR/Page_Online Shopping site in India Shop Onl_10c5f3/span_Hello, sign in""))",Firefox 122.0,,,2024-02-08 19:41:34,2024-02-08 19:41:52,18.525s,PASSED
"setText(findTestObject(""Object Repository/Amazon_SignIn_OR/Page_Amazon Sign In/input_Email or mobile phone number_email""), UserID)",Firefox 122.0,,,2024-02-08 19:41:52,2024-02-08 19:41:55,2.680s,PASSED
"click(findTestObject(""Object Repository/Amazon_SignIn_OR/Page_Amazon Sign In/input_Enter your email or mobile phone numb_fc7402""))",Firefox 122.0,,,2024-02-08 19:41:55,2024-02-08 19:41:57,2.273s,PASSED
"setText(findTestObject(""Object Repository/Amazon_SignIn_OR/Page_Amazon Sign In/input_Forgot Password_password""), Password)",Firefox 122.0,,,2024-02-08 19:41:57,2024-02-08 19:41:58,1.093s,PASSED
"click(findTestObject(""Object Repository/Amazon_SignIn_OR/Page_Amazon Sign In/input_Enter your password_signInSubmit""))",Firefox 122.0,,,2024-02-08 19:41:58,2024-02-08 19:42:01,3.261s,PASSED
"click(findTestObject(""Object Repository/Amazon_SignIn_OR/Page_Online Shopping site in India Shop Onl_10c5f3/a_in""))",Firefox 122.0,,,2024-02-08 19:42:01,2024-02-08 19:42:34,32.779s,PASSED
closeBrowser(),Firefox 122.0,,,2024-02-08 19:42:34,2024-02-08 19:42:36,1.451s,PASSED
Start listener action : sampleAfterTestCase,Firefox 122.0,,,2024-02-08 19:42:36,2024-02-08 19:42:36,0.007s,PASSED
