Suite/Test/Step Name,Browser,Description,Tag,Start time,End time,Duration,Status
Amazon_SignIn_TS,Firefox 122.0,,,2024-02-11 16:36:20,2024-02-11 16:37:02,42.831s,PASSED
,,,,,,,
Test Cases/Amazon_SignIn_TC_002,Firefox 122.0,sign in,SignIn,2024-02-11 16:36:20,2024-02-11 16:37:02,42.423s,PASSED
Start listener action : sampleBeforeTestCase,Firefox 122.0,,,2024-02-11 16:36:20,2024-02-11 16:36:26,5.767s,PASSED
Start listener action : sampleBeforeTestCase,Firefox 122.0,,,2024-02-11 16:36:26,2024-02-11 16:36:33,6.593s,PASSED
"openBrowser("""")",Firefox 122.0,,,2024-02-11 16:36:33,2024-02-11 16:36:39,5.732s,PASSED
"navigateToUrl(""https://www.amazon.in/"")",Firefox 122.0,,,2024-02-11 16:36:39,2024-02-11 16:36:46,7.802s,PASSED
"click(findTestObject(""Object Repository/Amazon_SignIn_OR/Page_Online Shopping site in India Shop Onl_10c5f3/span_Hello, sign in""))",Firefox 122.0,,,2024-02-11 16:36:46,2024-02-11 16:36:50,3.055s,PASSED
"verifyCheckpoint(findCheckpoint(""Checkpoints/AmazonSigin_CheckPoint""), true)",Firefox 122.0,,,2024-02-11 16:36:50,2024-02-11 16:36:51,1.335s,PASSED
"setText(findTestObject(""Object Repository/Amazon_SignIn_OR/Page_Amazon Sign In/input_Email or mobile phone number_email""), UserID)",Firefox 122.0,,,2024-02-11 16:36:51,2024-02-11 16:36:52,1.051s,PASSED
"click(findTestObject(""Object Repository/Amazon_SignIn_OR/Page_Amazon Sign In/input_Enter your email or mobile phone numb_fc7402""))",Firefox 122.0,,,2024-02-11 16:36:52,2024-02-11 16:36:56,3.600s,PASSED
"setText(findTestObject(""Object Repository/Amazon_SignIn_OR/Page_Amazon Sign In/input_Forgot Password_password""), Password)",Firefox 122.0,,,2024-02-11 16:36:56,2024-02-11 16:36:56,0.824s,PASSED
"click(findTestObject(""Object Repository/Amazon_SignIn_OR/Page_Amazon Sign In/input_Enter your password_signInSubmit""))",Firefox 122.0,,,2024-02-11 16:36:56,2024-02-11 16:37:00,4.110s,PASSED
"click(findTestObject(""Object Repository/Amazon_SignIn_OR/Page_Online Shopping site in India Shop Onl_10c5f3/a_in""))",Firefox 122.0,,,2024-02-11 16:37:00,2024-02-11 16:37:02,2.000s,PASSED
Start listener action : sampleAfterTestCase,Firefox 122.0,,,2024-02-11 16:37:02,2024-02-11 16:37:02,0.000s,PASSED
Start listener action : sampleAfterTestCase,Firefox 122.0,,,2024-02-11 16:37:02,2024-02-11 16:37:02,0.002s,PASSED
