Suite/Test/Step Name,Browser,Description,Tag,Start time,End time,Duration,Status
Amazon_SignIn_TS,Edge Chromium 120,,,2024-02-08 18:54:35,2024-02-08 18:55:45,1m - 10.013s,PASSED
,,,,,,,
Test Cases/Amazon_SignIn_TC_002,Edge Chromium 120,sign in,SignIn,2024-02-08 18:54:35,2024-02-08 18:55:45,1m - 9.615s,PASSED
Start listener action : sampleBeforeTestCase,Edge Chromium 120,,,2024-02-08 18:54:35,2024-02-08 18:54:52,16.318s,PASSED
"openBrowser("""")",Edge Chromium 120,,,2024-02-08 18:54:52,2024-02-08 18:54:54,2.145s,PASSED
"navigateToUrl(""https://www.amazon.in/"")",Edge Chromium 120,,,2024-02-08 18:54:54,2024-02-08 18:55:05,10.748s,PASSED
"click(findTestObject(""Object Repository/Amazon_SignIn_OR/Page_Online Shopping site in India Shop Onl_10c5f3/span_Hello, sign in""))",Edge Chromium 120,,,2024-02-08 18:55:05,2024-02-08 18:55:21,16.381s,PASSED
"setText(findTestObject(""Object Repository/Amazon_SignIn_OR/Page_Amazon Sign In/input_Email or mobile phone number_email""), UserID)",Edge Chromium 120,,,2024-02-08 18:55:21,2024-02-08 18:55:28,6.921s,PASSED
"click(findTestObject(""Object Repository/Amazon_SignIn_OR/Page_Amazon Sign In/input_Enter your email or mobile phone numb_fc7402""))",Edge Chromium 120,,,2024-02-08 18:55:28,2024-02-08 18:55:31,3.180s,PASSED
"setText(findTestObject(""Object Repository/Amazon_SignIn_OR/Page_Amazon Sign In/input_Forgot Password_password""), Password)",Edge Chromium 120,,,2024-02-08 18:55:31,2024-02-08 18:55:33,1.616s,PASSED
"click(findTestObject(""Object Repository/Amazon_SignIn_OR/Page_Amazon Sign In/input_Enter your password_signInSubmit""))",Edge Chromium 120,,,2024-02-08 18:55:33,2024-02-08 18:55:33,0.537s,PASSED
"click(findTestObject(""Object Repository/Amazon_SignIn_OR/Page_Online Shopping site in India Shop Onl_10c5f3/a_in""))",Edge Chromium 120,,,2024-02-08 18:55:33,2024-02-08 18:55:44,10.275s,PASSED
closeBrowser(),Edge Chromium 120,,,2024-02-08 18:55:44,2024-02-08 18:55:45,0.853s,PASSED
Start listener action : sampleAfterTestCase,Edge Chromium 120,,,2024-02-08 18:55:45,2024-02-08 18:55:45,0.001s,PASSED
