Suite/Test/Step Name,Browser,Description,Tag,Start time,End time,Duration,Status
Amazon_singp_Excle_TestSuite,,,,2024-02-08 17:41:22,2024-02-08 17:41:29,6.394s,FAILED
,,,,,,,
Test Cases/Amazon_SignUp_TC_001,,user register into new account,Singup,2024-02-08 17:41:22,2024-02-08 17:41:26,3.748s,FAILED
Start listener action : sampleBeforeTestCase,,,,2024-02-08 17:41:23,2024-02-08 17:41:25,2.463s,ERROR
"openBrowser("""")",,,,2024-02-08 17:41:25,2024-02-08 17:41:26,1.153s,FAILED
Start listener action : sampleAfterTestCase,,,,2024-02-08 17:41:26,2024-02-08 17:41:26,0.000s,PASSED
,,,,,,,
Test Cases/Amazon_SignUp_TC_001,,user register into new account,Singup,2024-02-08 17:41:26,2024-02-08 17:41:29,2.402s,FAILED
Start listener action : sampleBeforeTestCase,,,,2024-02-08 17:41:26,2024-02-08 17:41:27,1.144s,ERROR
"openBrowser("""")",,,,2024-02-08 17:41:27,2024-02-08 17:41:29,1.244s,FAILED
Start listener action : sampleAfterTestCase,,,,2024-02-08 17:41:29,2024-02-08 17:41:29,0.000s,PASSED
