Suite/Test/Step Name,Browser,Description,Tag,Start time,End time,Duration,Status
Amazon_TestSuite_Excel,Firefox 122.0,Sigin with excel data,,2024-02-08 19:26:16,2024-02-08 19:29:48,3m - 32.707s,PASSED
,,,,,,,
Test Cases/Amazon_SignIn_TC_002,Firefox 122.0,sign in,SignIn,2024-02-08 19:26:16,2024-02-08 19:27:55,1m - 38.548s,PASSED
Start listener action : sampleBeforeTestCase,Firefox 122.0,,,2024-02-08 19:26:16,2024-02-08 19:26:28,11.569s,PASSED
"openBrowser("""")",Firefox 122.0,,,2024-02-08 19:26:29,2024-02-08 19:26:35,5.981s,PASSED
"navigateToUrl(""https://www.amazon.in/"")",Firefox 122.0,,,2024-02-08 19:26:35,2024-02-08 19:27:08,33.478s,PASSED
"click(findTestObject(""Object Repository/Amazon_SignIn_OR/Page_Online Shopping site in India Shop Onl_10c5f3/span_Hello, sign in""))",Firefox 122.0,,,2024-02-08 19:27:08,2024-02-08 19:27:28,20.231s,PASSED
"setText(findTestObject(""Object Repository/Amazon_SignIn_OR/Page_Amazon Sign In/input_Email or mobile phone number_email""), UserID)",Firefox 122.0,,,2024-02-08 19:27:28,2024-02-08 19:27:33,5.039s,PASSED
"click(findTestObject(""Object Repository/Amazon_SignIn_OR/Page_Amazon Sign In/input_Enter your email or mobile phone numb_fc7402""))",Firefox 122.0,,,2024-02-08 19:27:33,2024-02-08 19:27:40,6.111s,PASSED
"setText(findTestObject(""Object Repository/Amazon_SignIn_OR/Page_Amazon Sign In/input_Forgot Password_password""), Password)",Firefox 122.0,,,2024-02-08 19:27:40,2024-02-08 19:27:40,0.877s,PASSED
"click(findTestObject(""Object Repository/Amazon_SignIn_OR/Page_Amazon Sign In/input_Enter your password_signInSubmit""))",Firefox 122.0,,,2024-02-08 19:27:40,2024-02-08 19:27:48,7.187s,PASSED
"click(findTestObject(""Object Repository/Amazon_SignIn_OR/Page_Online Shopping site in India Shop Onl_10c5f3/a_in""))",Firefox 122.0,,,2024-02-08 19:27:48,2024-02-08 19:27:52,4.690s,PASSED
closeBrowser(),Firefox 122.0,,,2024-02-08 19:27:52,2024-02-08 19:27:55,2.259s,PASSED
Start listener action : sampleAfterTestCase,Firefox 122.0,,,2024-02-08 19:27:55,2024-02-08 19:27:55,0.003s,PASSED
,,,,,,,
Test Cases/Amazon_SignIn_TC_002,Firefox 122.0,sign in,SignIn,2024-02-08 19:27:55,2024-02-08 19:29:48,1m - 53.696s,PASSED
Start listener action : sampleBeforeTestCase,Firefox 122.0,,,2024-02-08 19:27:55,2024-02-08 19:28:08,13.692s,PASSED
"openBrowser("""")",Firefox 122.0,,,2024-02-08 19:28:08,2024-02-08 19:28:14,5.965s,PASSED
"navigateToUrl(""https://www.amazon.in/"")",Firefox 122.0,,,2024-02-08 19:28:14,2024-02-08 19:28:54,39.308s,PASSED
"click(findTestObject(""Object Repository/Amazon_SignIn_OR/Page_Online Shopping site in India Shop Onl_10c5f3/span_Hello, sign in""))",Firefox 122.0,,,2024-02-08 19:28:54,2024-02-08 19:29:00,6.018s,PASSED
"setText(findTestObject(""Object Repository/Amazon_SignIn_OR/Page_Amazon Sign In/input_Email or mobile phone number_email""), UserID)",Firefox 122.0,,,2024-02-08 19:29:00,2024-02-08 19:29:03,2.921s,PASSED
"click(findTestObject(""Object Repository/Amazon_SignIn_OR/Page_Amazon Sign In/input_Enter your email or mobile phone numb_fc7402""))",Firefox 122.0,,,2024-02-08 19:29:03,2024-02-08 19:29:06,3.226s,PASSED
"setText(findTestObject(""Object Repository/Amazon_SignIn_OR/Page_Amazon Sign In/input_Forgot Password_password""), Password)",Firefox 122.0,,,2024-02-08 19:29:06,2024-02-08 19:29:07,1.030s,PASSED
"click(findTestObject(""Object Repository/Amazon_SignIn_OR/Page_Amazon Sign In/input_Enter your password_signInSubmit""))",Firefox 122.0,,,2024-02-08 19:29:07,2024-02-08 19:29:10,3.671s,PASSED
"click(findTestObject(""Object Repository/Amazon_SignIn_OR/Page_Online Shopping site in India Shop Onl_10c5f3/a_in""))",Firefox 122.0,,,2024-02-08 19:29:10,2024-02-08 19:29:46,36.017s,PASSED
closeBrowser(),Firefox 122.0,,,2024-02-08 19:29:46,2024-02-08 19:29:48,1.829s,PASSED
Start listener action : sampleAfterTestCase,Firefox 122.0,,,2024-02-08 19:29:48,2024-02-08 19:29:48,0.001s,PASSED
