Suite/Test/Step Name,Browser,Description,Tag,Start time,End time,Duration,Status
Amazon_Search_TS,Edge Chromium 120,,,2024-02-12 05:30:26,2024-02-12 06:32:31,1h - 2m - 4.250s,FAILED
,,,,,,,
Test Cases/Amazon_Search_TC_003,Edge Chromium 120,Search item in amazon,search,2024-02-12 05:30:27,2024-02-12 05:31:31,1m - 3.894s,PASSED
Start listener action : sampleBeforeTestCase,Edge Chromium 120,,,2024-02-12 05:30:27,2024-02-12 05:30:31,3.916s,PASSED
Start listener action : sampleBeforeTestCase,Edge Chromium 120,,,2024-02-12 05:30:31,2024-02-12 05:30:34,3.539s,PASSED
"openBrowser(""www.amazon.in"")",Edge Chromium 120,,,2024-02-12 05:30:35,2024-02-12 05:30:49,14.306s,PASSED
"if (verifyElementPresent(findTestObject(""Object Repository/Amazon_SignIn_OR/Page_Online Shopping site in India Shop Onl_10c5f3/span_Hello, sign in""), 10, OPTIONAL))",Edge Chromium 120,,,2024-02-12 05:30:49,2024-02-12 05:31:07,17.805s,PASSED
delay(10),Edge Chromium 120,,,2024-02-12 05:31:07,2024-02-12 05:31:17,10.014s,PASSED
"selectOptionByValue(findTestObject(""Object Repository/Amazon_Search_OR/Page_Online Shopping site in India Shop Onl_10c5f3/select_All Categories        Alexa Skills  _a62561""), Value, true)",Edge Chromium 120,,,2024-02-12 05:31:17,2024-02-12 05:31:20,3.040s,PASSED
"setText(findTestObject(""Object Repository/Amazon_Search_OR/Page_Online Shopping site in India Shop Onl_10c5f3/input_Search Amazon.in_field-keywords""), searchItem)",Edge Chromium 120,,,2024-02-12 05:31:20,2024-02-12 05:31:21,0.857s,PASSED
"click(findTestObject(""Object Repository/Amazon_Search_OR/Page_Online Shopping site in India Shop Onl_10c5f3/input_Search Amazon.in_nav-search-submit-button""))",Edge Chromium 120,,,2024-02-12 05:31:21,2024-02-12 05:31:31,9.921s,PASSED
Start listener action : sampleAfterTestCase,Edge Chromium 120,,,2024-02-12 05:31:31,2024-02-12 05:31:31,0.000s,PASSED
Start listener action : sampleAfterTestCase,Edge Chromium 120,,,2024-02-12 05:31:31,2024-02-12 05:31:31,0.001s,PASSED
,,,,,,,
Test Cases/Amazon_Search_TC_003,Edge Chromium 120,Search item in amazon,search,2024-02-12 05:31:31,2024-02-12 05:32:21,50.060s,PASSED
Start listener action : sampleBeforeTestCase,Edge Chromium 120,,,2024-02-12 05:31:31,2024-02-12 05:31:34,3.689s,PASSED
Start listener action : sampleBeforeTestCase,Edge Chromium 120,,,2024-02-12 05:31:34,2024-02-12 05:31:38,4.100s,PASSED
"openBrowser(""www.amazon.in"")",Edge Chromium 120,,,2024-02-12 05:31:38,2024-02-12 05:31:47,8.246s,PASSED
"if (verifyElementPresent(findTestObject(""Object Repository/Amazon_SignIn_OR/Page_Online Shopping site in India Shop Onl_10c5f3/span_Hello, sign in""), 10, OPTIONAL))",Edge Chromium 120,,,2024-02-12 05:31:47,2024-02-12 05:32:03,16.567s,PASSED
delay(10),Edge Chromium 120,,,2024-02-12 05:32:03,2024-02-12 05:32:13,10.005s,PASSED
"selectOptionByValue(findTestObject(""Object Repository/Amazon_Search_OR/Page_Online Shopping site in India Shop Onl_10c5f3/select_All Categories        Alexa Skills  _a62561""), Value, true)",Edge Chromium 120,,,2024-02-12 05:32:13,2024-02-12 05:32:16,2.370s,PASSED
"setText(findTestObject(""Object Repository/Amazon_Search_OR/Page_Online Shopping site in India Shop Onl_10c5f3/input_Search Amazon.in_field-keywords""), searchItem)",Edge Chromium 120,,,2024-02-12 05:32:16,2024-02-12 05:32:17,0.962s,PASSED
"click(findTestObject(""Object Repository/Amazon_Search_OR/Page_Online Shopping site in India Shop Onl_10c5f3/input_Search Amazon.in_nav-search-submit-button""))",Edge Chromium 120,,,2024-02-12 05:32:17,2024-02-12 05:32:21,4.107s,PASSED
Start listener action : sampleAfterTestCase,Edge Chromium 120,,,2024-02-12 05:32:21,2024-02-12 05:32:21,0.001s,PASSED
Start listener action : sampleAfterTestCase,Edge Chromium 120,,,2024-02-12 05:32:21,2024-02-12 05:32:21,0.000s,PASSED
,,,,,,,
Test Cases/Amazon_Search_TC_003,Edge Chromium 120,Search item in amazon,search,2024-02-12 05:32:21,2024-02-12 05:33:13,52.230s,PASSED
Start listener action : sampleBeforeTestCase,Edge Chromium 120,,,2024-02-12 05:32:21,2024-02-12 05:32:24,3.654s,PASSED
Start listener action : sampleBeforeTestCase,Edge Chromium 120,,,2024-02-12 05:32:24,2024-02-12 05:32:28,3.557s,PASSED
"openBrowser(""www.amazon.in"")",Edge Chromium 120,,,2024-02-12 05:32:28,2024-02-12 05:32:41,13.042s,PASSED
"if (verifyElementPresent(findTestObject(""Object Repository/Amazon_SignIn_OR/Page_Online Shopping site in India Shop Onl_10c5f3/span_Hello, sign in""), 10, OPTIONAL))",Edge Chromium 120,,,2024-02-12 05:32:41,2024-02-12 05:32:52,10.792s,PASSED
delay(10),Edge Chromium 120,,,2024-02-12 05:32:52,2024-02-12 05:33:02,10.008s,PASSED
"selectOptionByValue(findTestObject(""Object Repository/Amazon_Search_OR/Page_Online Shopping site in India Shop Onl_10c5f3/select_All Categories        Alexa Skills  _a62561""), Value, true)",Edge Chromium 120,,,2024-02-12 05:33:02,2024-02-12 05:33:04,1.974s,PASSED
"setText(findTestObject(""Object Repository/Amazon_Search_OR/Page_Online Shopping site in India Shop Onl_10c5f3/input_Search Amazon.in_field-keywords""), searchItem)",Edge Chromium 120,,,2024-02-12 05:33:04,2024-02-12 05:33:05,1.174s,PASSED
"click(findTestObject(""Object Repository/Amazon_Search_OR/Page_Online Shopping site in India Shop Onl_10c5f3/input_Search Amazon.in_nav-search-submit-button""))",Edge Chromium 120,,,2024-02-12 05:33:05,2024-02-12 05:33:13,8.016s,PASSED
Start listener action : sampleAfterTestCase,Edge Chromium 120,,,2024-02-12 05:33:13,2024-02-12 05:33:13,0.000s,PASSED
Start listener action : sampleAfterTestCase,Edge Chromium 120,,,2024-02-12 05:33:13,2024-02-12 05:33:13,0.000s,PASSED
,,,,,,,
Test Cases/Amazon_Search_TC_003,Edge Chromium 120,Search item in amazon,search,2024-02-12 05:33:13,2024-02-12 05:34:06,52.577s,PASSED
Start listener action : sampleBeforeTestCase,Edge Chromium 120,,,2024-02-12 05:33:13,2024-02-12 05:33:17,3.574s,PASSED
Start listener action : sampleBeforeTestCase,Edge Chromium 120,,,2024-02-12 05:33:17,2024-02-12 05:33:20,3.583s,PASSED
"openBrowser(""www.amazon.in"")",Edge Chromium 120,,,2024-02-12 05:33:20,2024-02-12 05:33:33,13.055s,PASSED
"if (verifyElementPresent(findTestObject(""Object Repository/Amazon_SignIn_OR/Page_Online Shopping site in India Shop Onl_10c5f3/span_Hello, sign in""), 10, OPTIONAL))",Edge Chromium 120,,,2024-02-12 05:33:33,2024-02-12 05:33:45,11.360s,PASSED
delay(10),Edge Chromium 120,,,2024-02-12 05:33:45,2024-02-12 05:33:55,10.017s,PASSED
"selectOptionByValue(findTestObject(""Object Repository/Amazon_Search_OR/Page_Online Shopping site in India Shop Onl_10c5f3/select_All Categories        Alexa Skills  _a62561""), Value, true)",Edge Chromium 120,,,2024-02-12 05:33:55,2024-02-12 05:33:56,1.833s,PASSED
"setText(findTestObject(""Object Repository/Amazon_Search_OR/Page_Online Shopping site in India Shop Onl_10c5f3/input_Search Amazon.in_field-keywords""), searchItem)",Edge Chromium 120,,,2024-02-12 05:33:56,2024-02-12 05:33:58,1.321s,PASSED
"click(findTestObject(""Object Repository/Amazon_Search_OR/Page_Online Shopping site in India Shop Onl_10c5f3/input_Search Amazon.in_nav-search-submit-button""))",Edge Chromium 120,,,2024-02-12 05:33:58,2024-02-12 05:34:06,7.824s,PASSED
Start listener action : sampleAfterTestCase,Edge Chromium 120,,,2024-02-12 05:34:06,2024-02-12 05:34:06,0.000s,PASSED
Start listener action : sampleAfterTestCase,Edge Chromium 120,,,2024-02-12 05:34:06,2024-02-12 05:34:06,0.000s,PASSED
,,,,,,,
Test Cases/Amazon_Search_TC_003,Edge Chromium 120,Search item in amazon,search,2024-02-12 05:34:06,2024-02-12 05:34:57,51.658s,PASSED
Start listener action : sampleBeforeTestCase,Edge Chromium 120,,,2024-02-12 05:34:06,2024-02-12 05:34:09,3.684s,PASSED
Start listener action : sampleBeforeTestCase,Edge Chromium 120,,,2024-02-12 05:34:09,2024-02-12 05:34:13,3.551s,PASSED
"openBrowser(""www.amazon.in"")",Edge Chromium 120,,,2024-02-12 05:34:13,2024-02-12 05:34:24,11.529s,PASSED
"if (verifyElementPresent(findTestObject(""Object Repository/Amazon_SignIn_OR/Page_Online Shopping site in India Shop Onl_10c5f3/span_Hello, sign in""), 10, OPTIONAL))",Edge Chromium 120,,,2024-02-12 05:34:24,2024-02-12 05:34:38,13.322s,PASSED
delay(10),Edge Chromium 120,,,2024-02-12 05:34:38,2024-02-12 05:34:48,10.065s,PASSED
"selectOptionByValue(findTestObject(""Object Repository/Amazon_Search_OR/Page_Online Shopping site in India Shop Onl_10c5f3/select_All Categories        Alexa Skills  _a62561""), Value, true)",Edge Chromium 120,,,2024-02-12 05:34:48,2024-02-12 05:34:50,2.642s,PASSED
"setText(findTestObject(""Object Repository/Amazon_Search_OR/Page_Online Shopping site in India Shop Onl_10c5f3/input_Search Amazon.in_field-keywords""), searchItem)",Edge Chromium 120,,,2024-02-12 05:34:50,2024-02-12 05:34:51,0.993s,PASSED
"click(findTestObject(""Object Repository/Amazon_Search_OR/Page_Online Shopping site in India Shop Onl_10c5f3/input_Search Amazon.in_nav-search-submit-button""))",Edge Chromium 120,,,2024-02-12 05:34:51,2024-02-12 05:34:57,5.860s,PASSED
Start listener action : sampleAfterTestCase,Edge Chromium 120,,,2024-02-12 05:34:57,2024-02-12 05:34:57,0.000s,PASSED
Start listener action : sampleAfterTestCase,Edge Chromium 120,,,2024-02-12 05:34:57,2024-02-12 05:34:57,0.000s,PASSED
,,,,,,,
Test Cases/Amazon_Search_TC_003,Edge Chromium 120,Search item in amazon,search,2024-02-12 05:34:57,2024-02-12 05:36:01,1m - 3.818s,PASSED
Start listener action : sampleBeforeTestCase,Edge Chromium 120,,,2024-02-12 05:34:57,2024-02-12 05:35:01,3.652s,PASSED
Start listener action : sampleBeforeTestCase,Edge Chromium 120,,,2024-02-12 05:35:01,2024-02-12 05:35:04,3.556s,PASSED
"openBrowser(""www.amazon.in"")",Edge Chromium 120,,,2024-02-12 05:35:04,2024-02-12 05:35:23,18.723s,PASSED
"if (verifyElementPresent(findTestObject(""Object Repository/Amazon_SignIn_OR/Page_Online Shopping site in India Shop Onl_10c5f3/span_Hello, sign in""), 10, OPTIONAL))",Edge Chromium 120,,,2024-02-12 05:35:23,2024-02-12 05:35:34,10.917s,PASSED
delay(10),Edge Chromium 120,,,2024-02-12 05:35:34,2024-02-12 05:35:44,10.019s,PASSED
"selectOptionByValue(findTestObject(""Object Repository/Amazon_Search_OR/Page_Online Shopping site in India Shop Onl_10c5f3/select_All Categories        Alexa Skills  _a62561""), Value, true)",Edge Chromium 120,,,2024-02-12 05:35:44,2024-02-12 05:35:47,2.835s,PASSED
"setText(findTestObject(""Object Repository/Amazon_Search_OR/Page_Online Shopping site in India Shop Onl_10c5f3/input_Search Amazon.in_field-keywords""), searchItem)",Edge Chromium 120,,,2024-02-12 05:35:47,2024-02-12 05:35:48,0.999s,PASSED
"click(findTestObject(""Object Repository/Amazon_Search_OR/Page_Online Shopping site in India Shop Onl_10c5f3/input_Search Amazon.in_nav-search-submit-button""))",Edge Chromium 120,,,2024-02-12 05:35:48,2024-02-12 05:36:01,13.111s,PASSED
Start listener action : sampleAfterTestCase,Edge Chromium 120,,,2024-02-12 05:36:01,2024-02-12 05:36:01,0.000s,PASSED
Start listener action : sampleAfterTestCase,Edge Chromium 120,,,2024-02-12 05:36:01,2024-02-12 05:36:01,0.000s,PASSED
,,,,,,,
Test Cases/Amazon_Search_TC_003,Edge Chromium 120,Search item in amazon,search,2024-02-12 05:36:01,2024-02-12 05:36:48,46.721s,PASSED
Start listener action : sampleBeforeTestCase,Edge Chromium 120,,,2024-02-12 05:36:01,2024-02-12 05:36:05,3.749s,PASSED
Start listener action : sampleBeforeTestCase,Edge Chromium 120,,,2024-02-12 05:36:05,2024-02-12 05:36:08,3.574s,PASSED
"openBrowser(""www.amazon.in"")",Edge Chromium 120,,,2024-02-12 05:36:08,2024-02-12 05:36:15,6.250s,PASSED
"if (verifyElementPresent(findTestObject(""Object Repository/Amazon_SignIn_OR/Page_Online Shopping site in India Shop Onl_10c5f3/span_Hello, sign in""), 10, OPTIONAL))",Edge Chromium 120,,,2024-02-12 05:36:15,2024-02-12 05:36:25,10.624s,PASSED
delay(10),Edge Chromium 120,,,2024-02-12 05:36:25,2024-02-12 05:36:35,10.013s,PASSED
"selectOptionByValue(findTestObject(""Object Repository/Amazon_Search_OR/Page_Online Shopping site in India Shop Onl_10c5f3/select_All Categories        Alexa Skills  _a62561""), Value, true)",Edge Chromium 120,,,2024-02-12 05:36:35,2024-02-12 05:36:39,3.853s,PASSED
"setText(findTestObject(""Object Repository/Amazon_Search_OR/Page_Online Shopping site in India Shop Onl_10c5f3/input_Search Amazon.in_field-keywords""), searchItem)",Edge Chromium 120,,,2024-02-12 05:36:39,2024-02-12 05:36:41,1.405s,PASSED
"click(findTestObject(""Object Repository/Amazon_Search_OR/Page_Online Shopping site in India Shop Onl_10c5f3/input_Search Amazon.in_nav-search-submit-button""))",Edge Chromium 120,,,2024-02-12 05:36:41,2024-02-12 05:36:48,7.241s,PASSED
Start listener action : sampleAfterTestCase,Edge Chromium 120,,,2024-02-12 05:36:48,2024-02-12 05:36:48,0.000s,PASSED
Start listener action : sampleAfterTestCase,Edge Chromium 120,,,2024-02-12 05:36:48,2024-02-12 05:36:48,0.000s,PASSED
,,,,,,,
Test Cases/Amazon_Search_TC_003,Edge Chromium 120,Search item in amazon,search,2024-02-12 05:36:48,2024-02-12 05:37:37,49.484s,PASSED
Start listener action : sampleBeforeTestCase,Edge Chromium 120,,,2024-02-12 05:36:48,2024-02-12 05:36:52,3.689s,PASSED
Start listener action : sampleBeforeTestCase,Edge Chromium 120,,,2024-02-12 05:36:52,2024-02-12 05:36:55,3.581s,PASSED
"openBrowser(""www.amazon.in"")",Edge Chromium 120,,,2024-02-12 05:36:55,2024-02-12 05:37:02,6.373s,PASSED
"if (verifyElementPresent(findTestObject(""Object Repository/Amazon_SignIn_OR/Page_Online Shopping site in India Shop Onl_10c5f3/span_Hello, sign in""), 10, OPTIONAL))",Edge Chromium 120,,,2024-02-12 05:37:02,2024-02-12 05:37:17,15.054s,PASSED
delay(10),Edge Chromium 120,,,2024-02-12 05:37:17,2024-02-12 05:37:27,10.003s,PASSED
"selectOptionByValue(findTestObject(""Object Repository/Amazon_Search_OR/Page_Online Shopping site in India Shop Onl_10c5f3/select_All Categories        Alexa Skills  _a62561""), Value, true)",Edge Chromium 120,,,2024-02-12 05:37:27,2024-02-12 05:37:29,2.599s,PASSED
"setText(findTestObject(""Object Repository/Amazon_Search_OR/Page_Online Shopping site in India Shop Onl_10c5f3/input_Search Amazon.in_field-keywords""), searchItem)",Edge Chromium 120,,,2024-02-12 05:37:29,2024-02-12 05:37:30,0.816s,PASSED
"click(findTestObject(""Object Repository/Amazon_Search_OR/Page_Online Shopping site in India Shop Onl_10c5f3/input_Search Amazon.in_nav-search-submit-button""))",Edge Chromium 120,,,2024-02-12 05:37:30,2024-02-12 05:37:37,7.350s,PASSED
Start listener action : sampleAfterTestCase,Edge Chromium 120,,,2024-02-12 05:37:37,2024-02-12 05:37:37,0.000s,PASSED
Start listener action : sampleAfterTestCase,Edge Chromium 120,,,2024-02-12 05:37:37,2024-02-12 05:37:37,0.000s,PASSED
,,,,,,,
Test Cases/Amazon_Search_TC_003,Edge Chromium 120,Search item in amazon,search,2024-02-12 05:37:37,2024-02-12 05:38:33,55.491s,PASSED
Start listener action : sampleBeforeTestCase,Edge Chromium 120,,,2024-02-12 05:37:37,2024-02-12 05:37:41,3.700s,PASSED
Start listener action : sampleBeforeTestCase,Edge Chromium 120,,,2024-02-12 05:37:41,2024-02-12 05:37:45,3.612s,PASSED
"openBrowser(""www.amazon.in"")",Edge Chromium 120,,,2024-02-12 05:37:45,2024-02-12 05:37:58,13.729s,PASSED
"if (verifyElementPresent(findTestObject(""Object Repository/Amazon_SignIn_OR/Page_Online Shopping site in India Shop Onl_10c5f3/span_Hello, sign in""), 10, OPTIONAL))",Edge Chromium 120,,,2024-02-12 05:37:58,2024-02-12 05:38:10,11.364s,PASSED
delay(10),Edge Chromium 120,,,2024-02-12 05:38:10,2024-02-12 05:38:20,10.011s,PASSED
"selectOptionByValue(findTestObject(""Object Repository/Amazon_Search_OR/Page_Online Shopping site in India Shop Onl_10c5f3/select_All Categories        Alexa Skills  _a62561""), Value, true)",Edge Chromium 120,,,2024-02-12 05:38:20,2024-02-12 05:38:22,2.240s,PASSED
"setText(findTestObject(""Object Repository/Amazon_Search_OR/Page_Online Shopping site in India Shop Onl_10c5f3/input_Search Amazon.in_field-keywords""), searchItem)",Edge Chromium 120,,,2024-02-12 05:38:22,2024-02-12 05:38:24,1.441s,PASSED
"click(findTestObject(""Object Repository/Amazon_Search_OR/Page_Online Shopping site in India Shop Onl_10c5f3/input_Search Amazon.in_nav-search-submit-button""))",Edge Chromium 120,,,2024-02-12 05:38:24,2024-02-12 05:38:33,9.382s,PASSED
Start listener action : sampleAfterTestCase,Edge Chromium 120,,,2024-02-12 05:38:33,2024-02-12 05:38:33,0.001s,PASSED
Start listener action : sampleAfterTestCase,Edge Chromium 120,,,2024-02-12 05:38:33,2024-02-12 05:38:33,0.000s,PASSED
,,,,,,,
Test Cases/Amazon_Search_TC_003,Edge Chromium 120,Search item in amazon,search,2024-02-12 05:38:33,2024-02-12 05:39:16,43.037s,PASSED
Start listener action : sampleBeforeTestCase,Edge Chromium 120,,,2024-02-12 05:38:33,2024-02-12 05:38:37,3.621s,PASSED
Start listener action : sampleBeforeTestCase,Edge Chromium 120,,,2024-02-12 05:38:37,2024-02-12 05:38:40,3.509s,PASSED
"openBrowser(""www.amazon.in"")",Edge Chromium 120,,,2024-02-12 05:38:40,2024-02-12 05:38:46,6.209s,PASSED
"if (verifyElementPresent(findTestObject(""Object Repository/Amazon_SignIn_OR/Page_Online Shopping site in India Shop Onl_10c5f3/span_Hello, sign in""), 10, OPTIONAL))",Edge Chromium 120,,,2024-02-12 05:38:46,2024-02-12 05:38:56,9.299s,PASSED
delay(10),Edge Chromium 120,,,2024-02-12 05:38:56,2024-02-12 05:39:06,10.010s,PASSED
"selectOptionByValue(findTestObject(""Object Repository/Amazon_Search_OR/Page_Online Shopping site in India Shop Onl_10c5f3/select_All Categories        Alexa Skills  _a62561""), Value, true)",Edge Chromium 120,,,2024-02-12 05:39:06,2024-02-12 05:39:07,1.892s,PASSED
"setText(findTestObject(""Object Repository/Amazon_Search_OR/Page_Online Shopping site in India Shop Onl_10c5f3/input_Search Amazon.in_field-keywords""), searchItem)",Edge Chromium 120,,,2024-02-12 05:39:07,2024-02-12 05:39:09,1.344s,PASSED
"click(findTestObject(""Object Repository/Amazon_Search_OR/Page_Online Shopping site in India Shop Onl_10c5f3/input_Search Amazon.in_nav-search-submit-button""))",Edge Chromium 120,,,2024-02-12 05:39:09,2024-02-12 05:39:16,7.146s,PASSED
Start listener action : sampleAfterTestCase,Edge Chromium 120,,,2024-02-12 05:39:16,2024-02-12 05:39:16,0.000s,PASSED
Start listener action : sampleAfterTestCase,Edge Chromium 120,,,2024-02-12 05:39:16,2024-02-12 05:39:16,0.000s,PASSED
,,,,,,,
Test Cases/Amazon_Search_TC_003,Edge Chromium 120,Search item in amazon,search,2024-02-12 05:39:16,2024-02-12 05:40:05,49.158s,PASSED
Start listener action : sampleBeforeTestCase,Edge Chromium 120,,,2024-02-12 05:39:16,2024-02-12 05:39:20,3.586s,PASSED
Start listener action : sampleBeforeTestCase,Edge Chromium 120,,,2024-02-12 05:39:20,2024-02-12 05:39:23,3.605s,PASSED
"openBrowser(""www.amazon.in"")",Edge Chromium 120,,,2024-02-12 05:39:23,2024-02-12 05:39:30,6.948s,PASSED
"if (verifyElementPresent(findTestObject(""Object Repository/Amazon_SignIn_OR/Page_Online Shopping site in India Shop Onl_10c5f3/span_Hello, sign in""), 10, OPTIONAL))",Edge Chromium 120,,,2024-02-12 05:39:30,2024-02-12 05:39:41,11.075s,PASSED
delay(10),Edge Chromium 120,,,2024-02-12 05:39:41,2024-02-12 05:39:51,10.002s,PASSED
"selectOptionByValue(findTestObject(""Object Repository/Amazon_Search_OR/Page_Online Shopping site in India Shop Onl_10c5f3/select_All Categories        Alexa Skills  _a62561""), Value, true)",Edge Chromium 120,,,2024-02-12 05:39:51,2024-02-12 05:39:53,2.018s,PASSED
"setText(findTestObject(""Object Repository/Amazon_Search_OR/Page_Online Shopping site in India Shop Onl_10c5f3/input_Search Amazon.in_field-keywords""), searchItem)",Edge Chromium 120,,,2024-02-12 05:39:53,2024-02-12 05:39:54,0.864s,PASSED
"click(findTestObject(""Object Repository/Amazon_Search_OR/Page_Online Shopping site in India Shop Onl_10c5f3/input_Search Amazon.in_nav-search-submit-button""))",Edge Chromium 120,,,2024-02-12 05:39:54,2024-02-12 05:40:05,11.052s,PASSED
Start listener action : sampleAfterTestCase,Edge Chromium 120,,,2024-02-12 05:40:05,2024-02-12 05:40:05,0.000s,PASSED
Start listener action : sampleAfterTestCase,Edge Chromium 120,,,2024-02-12 05:40:05,2024-02-12 05:40:05,0.000s,PASSED
,,,,,,,
Test Cases/Amazon_Search_TC_003,Edge Chromium 120,Search item in amazon,search,2024-02-12 05:40:05,2024-02-12 05:40:50,44.994s,PASSED
Start listener action : sampleBeforeTestCase,Edge Chromium 120,,,2024-02-12 05:40:05,2024-02-12 05:40:09,3.627s,PASSED
Start listener action : sampleBeforeTestCase,Edge Chromium 120,,,2024-02-12 05:40:09,2024-02-12 05:40:12,3.523s,PASSED
"openBrowser(""www.amazon.in"")",Edge Chromium 120,,,2024-02-12 05:40:12,2024-02-12 05:40:19,6.237s,PASSED
"if (verifyElementPresent(findTestObject(""Object Repository/Amazon_SignIn_OR/Page_Online Shopping site in India Shop Onl_10c5f3/span_Hello, sign in""), 10, OPTIONAL))",Edge Chromium 120,,,2024-02-12 05:40:19,2024-02-12 05:40:29,10.562s,PASSED
delay(10),Edge Chromium 120,,,2024-02-12 05:40:29,2024-02-12 05:40:39,10.005s,PASSED
"selectOptionByValue(findTestObject(""Object Repository/Amazon_Search_OR/Page_Online Shopping site in India Shop Onl_10c5f3/select_All Categories        Alexa Skills  _a62561""), Value, true)",Edge Chromium 120,,,2024-02-12 05:40:39,2024-02-12 05:40:41,1.796s,PASSED
"setText(findTestObject(""Object Repository/Amazon_Search_OR/Page_Online Shopping site in India Shop Onl_10c5f3/input_Search Amazon.in_field-keywords""), searchItem)",Edge Chromium 120,,,2024-02-12 05:40:41,2024-02-12 05:40:43,1.927s,PASSED
"click(findTestObject(""Object Repository/Amazon_Search_OR/Page_Online Shopping site in India Shop Onl_10c5f3/input_Search Amazon.in_nav-search-submit-button""))",Edge Chromium 120,,,2024-02-12 05:40:43,2024-02-12 05:40:50,7.309s,PASSED
Start listener action : sampleAfterTestCase,Edge Chromium 120,,,2024-02-12 05:40:50,2024-02-12 05:40:50,0.000s,PASSED
Start listener action : sampleAfterTestCase,Edge Chromium 120,,,2024-02-12 05:40:50,2024-02-12 05:40:50,0.000s,PASSED
,,,,,,,
Test Cases/Amazon_Search_TC_003,Edge Chromium 120,Search item in amazon,search,2024-02-12 05:40:50,2024-02-12 05:41:40,49.678s,PASSED
Start listener action : sampleBeforeTestCase,Edge Chromium 120,,,2024-02-12 05:40:50,2024-02-12 05:40:54,3.562s,PASSED
Start listener action : sampleBeforeTestCase,Edge Chromium 120,,,2024-02-12 05:40:54,2024-02-12 05:40:57,2.888s,PASSED
"openBrowser(""www.amazon.in"")",Edge Chromium 120,,,2024-02-12 05:40:57,2024-02-12 05:41:10,13.599s,PASSED
"if (verifyElementPresent(findTestObject(""Object Repository/Amazon_SignIn_OR/Page_Online Shopping site in India Shop Onl_10c5f3/span_Hello, sign in""), 10, OPTIONAL))",Edge Chromium 120,,,2024-02-12 05:41:10,2024-02-12 05:41:21,10.853s,PASSED
delay(10),Edge Chromium 120,,,2024-02-12 05:41:21,2024-02-12 05:41:31,10.011s,PASSED
"selectOptionByValue(findTestObject(""Object Repository/Amazon_Search_OR/Page_Online Shopping site in India Shop Onl_10c5f3/select_All Categories        Alexa Skills  _a62561""), Value, true)",Edge Chromium 120,,,2024-02-12 05:41:31,2024-02-12 05:41:33,1.854s,PASSED
"setText(findTestObject(""Object Repository/Amazon_Search_OR/Page_Online Shopping site in India Shop Onl_10c5f3/input_Search Amazon.in_field-keywords""), searchItem)",Edge Chromium 120,,,2024-02-12 05:41:33,2024-02-12 05:41:34,0.916s,PASSED
"click(findTestObject(""Object Repository/Amazon_Search_OR/Page_Online Shopping site in India Shop Onl_10c5f3/input_Search Amazon.in_nav-search-submit-button""))",Edge Chromium 120,,,2024-02-12 05:41:34,2024-02-12 05:41:40,5.989s,PASSED
Start listener action : sampleAfterTestCase,Edge Chromium 120,,,2024-02-12 05:41:40,2024-02-12 05:41:40,0.001s,PASSED
Start listener action : sampleAfterTestCase,Edge Chromium 120,,,2024-02-12 05:41:40,2024-02-12 05:41:40,0.000s,PASSED
,,,,,,,
Test Cases/Amazon_Search_TC_003,Edge Chromium 120,Search item in amazon,search,2024-02-12 05:41:40,2024-02-12 05:42:27,46.680s,PASSED
Start listener action : sampleBeforeTestCase,Edge Chromium 120,,,2024-02-12 05:41:40,2024-02-12 05:41:43,3.057s,PASSED
Start listener action : sampleBeforeTestCase,Edge Chromium 120,,,2024-02-12 05:41:43,2024-02-12 05:41:46,3.541s,PASSED
"openBrowser(""www.amazon.in"")",Edge Chromium 120,,,2024-02-12 05:41:46,2024-02-12 05:41:52,5.587s,PASSED
"if (verifyElementPresent(findTestObject(""Object Repository/Amazon_SignIn_OR/Page_Online Shopping site in India Shop Onl_10c5f3/span_Hello, sign in""), 10, OPTIONAL))",Edge Chromium 120,,,2024-02-12 05:41:52,2024-02-12 05:42:03,10.660s,PASSED
delay(10),Edge Chromium 120,,,2024-02-12 05:42:03,2024-02-12 05:42:13,10.017s,PASSED
"selectOptionByValue(findTestObject(""Object Repository/Amazon_Search_OR/Page_Online Shopping site in India Shop Onl_10c5f3/select_All Categories        Alexa Skills  _a62561""), Value, true)",Edge Chromium 120,,,2024-02-12 05:42:13,2024-02-12 05:42:15,1.888s,PASSED
"setText(findTestObject(""Object Repository/Amazon_Search_OR/Page_Online Shopping site in India Shop Onl_10c5f3/input_Search Amazon.in_field-keywords""), searchItem)",Edge Chromium 120,,,2024-02-12 05:42:15,2024-02-12 05:42:16,1.308s,PASSED
"click(findTestObject(""Object Repository/Amazon_Search_OR/Page_Online Shopping site in India Shop Onl_10c5f3/input_Search Amazon.in_nav-search-submit-button""))",Edge Chromium 120,,,2024-02-12 05:42:16,2024-02-12 05:42:27,10.618s,PASSED
Start listener action : sampleAfterTestCase,Edge Chromium 120,,,2024-02-12 05:42:27,2024-02-12 05:42:27,0.000s,PASSED
Start listener action : sampleAfterTestCase,Edge Chromium 120,,,2024-02-12 05:42:27,2024-02-12 05:42:27,0.000s,PASSED
,,,,,,,
Test Cases/Amazon_Search_TC_003,Edge Chromium 120,Search item in amazon,search,2024-02-12 05:42:27,2024-02-12 05:43:16,49.357s,PASSED
Start listener action : sampleBeforeTestCase,Edge Chromium 120,,,2024-02-12 05:42:27,2024-02-12 05:42:30,2.943s,PASSED
Start listener action : sampleBeforeTestCase,Edge Chromium 120,,,2024-02-12 05:42:30,2024-02-12 05:42:33,3.457s,PASSED
"openBrowser(""www.amazon.in"")",Edge Chromium 120,,,2024-02-12 05:42:33,2024-02-12 05:42:39,5.522s,PASSED
"if (verifyElementPresent(findTestObject(""Object Repository/Amazon_SignIn_OR/Page_Online Shopping site in India Shop Onl_10c5f3/span_Hello, sign in""), 10, OPTIONAL))",Edge Chromium 120,,,2024-02-12 05:42:39,2024-02-12 05:42:49,10.647s,PASSED
delay(10),Edge Chromium 120,,,2024-02-12 05:42:49,2024-02-12 05:42:59,10.015s,PASSED
"selectOptionByValue(findTestObject(""Object Repository/Amazon_Search_OR/Page_Online Shopping site in India Shop Onl_10c5f3/select_All Categories        Alexa Skills  _a62561""), Value, true)",Edge Chromium 120,,,2024-02-12 05:42:59,2024-02-12 05:43:05,6.241s,PASSED
"setText(findTestObject(""Object Repository/Amazon_Search_OR/Page_Online Shopping site in India Shop Onl_10c5f3/input_Search Amazon.in_field-keywords""), searchItem)",Edge Chromium 120,,,2024-02-12 05:43:05,2024-02-12 05:43:09,3.420s,PASSED
"click(findTestObject(""Object Repository/Amazon_Search_OR/Page_Online Shopping site in India Shop Onl_10c5f3/input_Search Amazon.in_nav-search-submit-button""))",Edge Chromium 120,,,2024-02-12 05:43:09,2024-02-12 05:43:16,7.106s,PASSED
Start listener action : sampleAfterTestCase,Edge Chromium 120,,,2024-02-12 05:43:16,2024-02-12 05:43:16,0.000s,PASSED
Start listener action : sampleAfterTestCase,Edge Chromium 120,,,2024-02-12 05:43:16,2024-02-12 05:43:16,0.000s,PASSED
,,,,,,,
Test Cases/Amazon_Search_TC_003,Edge Chromium 120,Search item in amazon,search,2024-02-12 05:43:16,2024-02-12 05:44:06,49.622s,PASSED
Start listener action : sampleBeforeTestCase,Edge Chromium 120,,,2024-02-12 05:43:16,2024-02-12 05:43:20,3.578s,PASSED
Start listener action : sampleBeforeTestCase,Edge Chromium 120,,,2024-02-12 05:43:20,2024-02-12 05:43:23,3.489s,PASSED
"openBrowser(""www.amazon.in"")",Edge Chromium 120,,,2024-02-12 05:43:23,2024-02-12 05:43:39,15.586s,PASSED
"if (verifyElementPresent(findTestObject(""Object Repository/Amazon_SignIn_OR/Page_Online Shopping site in India Shop Onl_10c5f3/span_Hello, sign in""), 10, OPTIONAL))",Edge Chromium 120,,,2024-02-12 05:43:39,2024-02-12 05:43:49,10.086s,PASSED
delay(10),Edge Chromium 120,,,2024-02-12 05:43:49,2024-02-12 05:43:59,10.004s,PASSED
"selectOptionByValue(findTestObject(""Object Repository/Amazon_Search_OR/Page_Online Shopping site in India Shop Onl_10c5f3/select_All Categories        Alexa Skills  _a62561""), Value, true)",Edge Chromium 120,,,2024-02-12 05:43:59,2024-02-12 05:44:01,2.074s,PASSED
"setText(findTestObject(""Object Repository/Amazon_Search_OR/Page_Online Shopping site in India Shop Onl_10c5f3/input_Search Amazon.in_field-keywords""), searchItem)",Edge Chromium 120,,,2024-02-12 05:44:01,2024-02-12 05:44:02,1.541s,PASSED
"click(findTestObject(""Object Repository/Amazon_Search_OR/Page_Online Shopping site in India Shop Onl_10c5f3/input_Search Amazon.in_nav-search-submit-button""))",Edge Chromium 120,,,2024-02-12 05:44:02,2024-02-12 05:44:06,3.260s,PASSED
Start listener action : sampleAfterTestCase,Edge Chromium 120,,,2024-02-12 05:44:06,2024-02-12 05:44:06,0.000s,PASSED
Start listener action : sampleAfterTestCase,Edge Chromium 120,,,2024-02-12 05:44:06,2024-02-12 05:44:06,0.001s,PASSED
,,,,,,,
Test Cases/Amazon_Search_TC_003,Edge Chromium 120,Search item in amazon,search,2024-02-12 05:44:06,2024-02-12 05:45:00,54.257s,PASSED
Start listener action : sampleBeforeTestCase,Edge Chromium 120,,,2024-02-12 05:44:06,2024-02-12 05:44:09,3.592s,PASSED
Start listener action : sampleBeforeTestCase,Edge Chromium 120,,,2024-02-12 05:44:09,2024-02-12 05:44:13,3.495s,PASSED
"openBrowser(""www.amazon.in"")",Edge Chromium 120,,,2024-02-12 05:44:13,2024-02-12 05:44:21,8.178s,PASSED
"if (verifyElementPresent(findTestObject(""Object Repository/Amazon_SignIn_OR/Page_Online Shopping site in India Shop Onl_10c5f3/span_Hello, sign in""), 10, OPTIONAL))",Edge Chromium 120,,,2024-02-12 05:44:21,2024-02-12 05:44:32,11.340s,PASSED
delay(10),Edge Chromium 120,,,2024-02-12 05:44:32,2024-02-12 05:44:42,10.012s,PASSED
"selectOptionByValue(findTestObject(""Object Repository/Amazon_Search_OR/Page_Online Shopping site in India Shop Onl_10c5f3/select_All Categories        Alexa Skills  _a62561""), Value, true)",Edge Chromium 120,,,2024-02-12 05:44:42,2024-02-12 05:44:44,2.015s,PASSED
"setText(findTestObject(""Object Repository/Amazon_Search_OR/Page_Online Shopping site in India Shop Onl_10c5f3/input_Search Amazon.in_field-keywords""), searchItem)",Edge Chromium 120,,,2024-02-12 05:44:44,2024-02-12 05:44:45,0.679s,PASSED
"click(findTestObject(""Object Repository/Amazon_Search_OR/Page_Online Shopping site in India Shop Onl_10c5f3/input_Search Amazon.in_nav-search-submit-button""))",Edge Chromium 120,,,2024-02-12 05:44:45,2024-02-12 05:45:00,14.942s,PASSED
Start listener action : sampleAfterTestCase,Edge Chromium 120,,,2024-02-12 05:45:00,2024-02-12 05:45:00,0.000s,PASSED
Start listener action : sampleAfterTestCase,Edge Chromium 120,,,2024-02-12 05:45:00,2024-02-12 05:45:00,0.000s,PASSED
,,,,,,,
Test Cases/Amazon_Search_TC_003,Edge Chromium 120,Search item in amazon,search,2024-02-12 05:45:00,2024-02-12 05:45:50,49.943s,PASSED
Start listener action : sampleBeforeTestCase,Edge Chromium 120,,,2024-02-12 05:45:00,2024-02-12 05:45:03,3.513s,PASSED
Start listener action : sampleBeforeTestCase,Edge Chromium 120,,,2024-02-12 05:45:03,2024-02-12 05:45:07,3.489s,PASSED
"openBrowser(""www.amazon.in"")",Edge Chromium 120,,,2024-02-12 05:45:07,2024-02-12 05:45:19,12.118s,PASSED
"if (verifyElementPresent(findTestObject(""Object Repository/Amazon_SignIn_OR/Page_Online Shopping site in India Shop Onl_10c5f3/span_Hello, sign in""), 10, OPTIONAL))",Edge Chromium 120,,,2024-02-12 05:45:19,2024-02-12 05:45:30,11.322s,PASSED
delay(10),Edge Chromium 120,,,2024-02-12 05:45:30,2024-02-12 05:45:40,10.002s,PASSED
"selectOptionByValue(findTestObject(""Object Repository/Amazon_Search_OR/Page_Online Shopping site in India Shop Onl_10c5f3/select_All Categories        Alexa Skills  _a62561""), Value, true)",Edge Chromium 120,,,2024-02-12 05:45:40,2024-02-12 05:45:43,2.456s,PASSED
"setText(findTestObject(""Object Repository/Amazon_Search_OR/Page_Online Shopping site in India Shop Onl_10c5f3/input_Search Amazon.in_field-keywords""), searchItem)",Edge Chromium 120,,,2024-02-12 05:45:43,2024-02-12 05:45:44,1.110s,PASSED
"click(findTestObject(""Object Repository/Amazon_Search_OR/Page_Online Shopping site in India Shop Onl_10c5f3/input_Search Amazon.in_nav-search-submit-button""))",Edge Chromium 120,,,2024-02-12 05:45:44,2024-02-12 05:45:50,5.930s,PASSED
Start listener action : sampleAfterTestCase,Edge Chromium 120,,,2024-02-12 05:45:50,2024-02-12 05:45:50,0.000s,PASSED
Start listener action : sampleAfterTestCase,Edge Chromium 120,,,2024-02-12 05:45:50,2024-02-12 05:45:50,0.000s,PASSED
,,,,,,,
Test Cases/Amazon_Search_TC_003,Edge Chromium 120,Search item in amazon,search,2024-02-12 05:45:50,2024-02-12 05:46:32,42.085s,PASSED
Start listener action : sampleBeforeTestCase,Edge Chromium 120,,,2024-02-12 05:45:50,2024-02-12 05:45:53,3.543s,PASSED
Start listener action : sampleBeforeTestCase,Edge Chromium 120,,,2024-02-12 05:45:53,2024-02-12 05:45:57,3.525s,PASSED
"openBrowser(""www.amazon.in"")",Edge Chromium 120,,,2024-02-12 05:45:57,2024-02-12 05:46:03,6.296s,PASSED
"if (verifyElementPresent(findTestObject(""Object Repository/Amazon_SignIn_OR/Page_Online Shopping site in India Shop Onl_10c5f3/span_Hello, sign in""), 10, OPTIONAL))",Edge Chromium 120,,,2024-02-12 05:46:03,2024-02-12 05:46:12,9.111s,PASSED
delay(10),Edge Chromium 120,,,2024-02-12 05:46:12,2024-02-12 05:46:22,10.002s,PASSED
"selectOptionByValue(findTestObject(""Object Repository/Amazon_Search_OR/Page_Online Shopping site in India Shop Onl_10c5f3/select_All Categories        Alexa Skills  _a62561""), Value, true)",Edge Chromium 120,,,2024-02-12 05:46:22,2024-02-12 05:46:24,2.072s,PASSED
"setText(findTestObject(""Object Repository/Amazon_Search_OR/Page_Online Shopping site in India Shop Onl_10c5f3/input_Search Amazon.in_field-keywords""), searchItem)",Edge Chromium 120,,,2024-02-12 05:46:24,2024-02-12 05:46:25,0.884s,PASSED
"click(findTestObject(""Object Repository/Amazon_Search_OR/Page_Online Shopping site in India Shop Onl_10c5f3/input_Search Amazon.in_nav-search-submit-button""))",Edge Chromium 120,,,2024-02-12 05:46:25,2024-02-12 05:46:32,6.648s,PASSED
Start listener action : sampleAfterTestCase,Edge Chromium 120,,,2024-02-12 05:46:32,2024-02-12 05:46:32,0.000s,PASSED
Start listener action : sampleAfterTestCase,Edge Chromium 120,,,2024-02-12 05:46:32,2024-02-12 05:46:32,0.000s,PASSED
,,,,,,,
Test Cases/Amazon_Search_TC_003,Edge Chromium 120,Search item in amazon,search,2024-02-12 05:46:32,2024-02-12 05:47:17,44.948s,PASSED
Start listener action : sampleBeforeTestCase,Edge Chromium 120,,,2024-02-12 05:46:32,2024-02-12 05:46:35,3.547s,PASSED
Start listener action : sampleBeforeTestCase,Edge Chromium 120,,,2024-02-12 05:46:35,2024-02-12 05:46:39,3.456s,PASSED
"openBrowser(""www.amazon.in"")",Edge Chromium 120,,,2024-02-12 05:46:39,2024-02-12 05:46:45,6.309s,PASSED
"if (verifyElementPresent(findTestObject(""Object Repository/Amazon_SignIn_OR/Page_Online Shopping site in India Shop Onl_10c5f3/span_Hello, sign in""), 10, OPTIONAL))",Edge Chromium 120,,,2024-02-12 05:46:45,2024-02-12 05:46:57,11.494s,PASSED
delay(10),Edge Chromium 120,,,2024-02-12 05:46:57,2024-02-12 05:47:07,10.012s,PASSED
"selectOptionByValue(findTestObject(""Object Repository/Amazon_Search_OR/Page_Online Shopping site in India Shop Onl_10c5f3/select_All Categories        Alexa Skills  _a62561""), Value, true)",Edge Chromium 120,,,2024-02-12 05:47:07,2024-02-12 05:47:09,2.497s,PASSED
"setText(findTestObject(""Object Repository/Amazon_Search_OR/Page_Online Shopping site in India Shop Onl_10c5f3/input_Search Amazon.in_field-keywords""), searchItem)",Edge Chromium 120,,,2024-02-12 05:47:09,2024-02-12 05:47:10,1.110s,PASSED
"click(findTestObject(""Object Repository/Amazon_Search_OR/Page_Online Shopping site in India Shop Onl_10c5f3/input_Search Amazon.in_nav-search-submit-button""))",Edge Chromium 120,,,2024-02-12 05:47:10,2024-02-12 05:47:17,6.517s,PASSED
Start listener action : sampleAfterTestCase,Edge Chromium 120,,,2024-02-12 05:47:17,2024-02-12 05:47:17,0.000s,PASSED
Start listener action : sampleAfterTestCase,Edge Chromium 120,,,2024-02-12 05:47:17,2024-02-12 05:47:17,0.000s,PASSED
,,,,,,,
Test Cases/Amazon_Search_TC_003,Edge Chromium 120,Search item in amazon,search,2024-02-12 05:49:33,2024-02-12 05:50:30,57.228s,PASSED
Start listener action : sampleBeforeTestCase,Edge Chromium 120,,,2024-02-12 05:49:33,2024-02-12 05:49:36,3.576s,PASSED
Start listener action : sampleBeforeTestCase,Edge Chromium 120,,,2024-02-12 05:49:36,2024-02-12 05:49:40,3.537s,PASSED
"openBrowser(""www.amazon.in"")",Edge Chromium 120,,,2024-02-12 05:49:40,2024-02-12 05:49:54,13.987s,PASSED
"if (verifyElementPresent(findTestObject(""Object Repository/Amazon_SignIn_OR/Page_Online Shopping site in India Shop Onl_10c5f3/span_Hello, sign in""), 10, OPTIONAL))",Edge Chromium 120,,,2024-02-12 05:49:54,2024-02-12 05:50:07,12.637s,PASSED
delay(10),Edge Chromium 120,,,2024-02-12 05:50:07,2024-02-12 05:50:17,10.015s,PASSED
"selectOptionByValue(findTestObject(""Object Repository/Amazon_Search_OR/Page_Online Shopping site in India Shop Onl_10c5f3/select_All Categories        Alexa Skills  _a62561""), Value, true)",Edge Chromium 120,,,2024-02-12 05:50:17,2024-02-12 05:50:19,2.134s,PASSED
"setText(findTestObject(""Object Repository/Amazon_Search_OR/Page_Online Shopping site in India Shop Onl_10c5f3/input_Search Amazon.in_field-keywords""), searchItem)",Edge Chromium 120,,,2024-02-12 05:50:19,2024-02-12 05:50:20,1.697s,PASSED
"click(findTestObject(""Object Repository/Amazon_Search_OR/Page_Online Shopping site in India Shop Onl_10c5f3/input_Search Amazon.in_nav-search-submit-button""))",Edge Chromium 120,,,2024-02-12 05:50:20,2024-02-12 05:50:30,9.641s,PASSED
Start listener action : sampleAfterTestCase,Edge Chromium 120,,,2024-02-12 05:50:30,2024-02-12 05:50:30,0.001s,PASSED
Start listener action : sampleAfterTestCase,Edge Chromium 120,,,2024-02-12 05:50:30,2024-02-12 05:50:30,0.000s,PASSED
,,,,,,,
Test Cases/Amazon_Search_TC_003,Edge Chromium 120,Search item in amazon,search,2024-02-12 05:50:30,2024-02-12 05:52:14,1m - 43.807s,PASSED
Start listener action : sampleBeforeTestCase,Edge Chromium 120,,,2024-02-12 05:50:30,2024-02-12 05:50:35,4.579s,PASSED
Start listener action : sampleBeforeTestCase,Edge Chromium 120,,,2024-02-12 05:50:35,2024-02-12 05:50:38,3.519s,PASSED
"openBrowser(""www.amazon.in"")",Edge Chromium 120,,,2024-02-12 05:50:38,2024-02-12 05:50:58,20.226s,PASSED
"if (verifyElementPresent(findTestObject(""Object Repository/Amazon_SignIn_OR/Page_Online Shopping site in India Shop Onl_10c5f3/span_Hello, sign in""), 10, OPTIONAL))",Edge Chromium 120,,,2024-02-12 05:50:58,2024-02-12 05:51:21,23.013s,PASSED
delay(10),Edge Chromium 120,,,2024-02-12 05:51:21,2024-02-12 05:51:31,10.013s,PASSED
"selectOptionByValue(findTestObject(""Object Repository/Amazon_Search_OR/Page_Online Shopping site in India Shop Onl_10c5f3/select_All Categories        Alexa Skills  _a62561""), Value, true)",Edge Chromium 120,,,2024-02-12 05:51:31,2024-02-12 05:51:46,14.673s,PASSED
"setText(findTestObject(""Object Repository/Amazon_Search_OR/Page_Online Shopping site in India Shop Onl_10c5f3/input_Search Amazon.in_field-keywords""), searchItem)",Edge Chromium 120,,,2024-02-12 05:51:46,2024-02-12 05:51:48,2.345s,PASSED
"click(findTestObject(""Object Repository/Amazon_Search_OR/Page_Online Shopping site in India Shop Onl_10c5f3/input_Search Amazon.in_nav-search-submit-button""))",Edge Chromium 120,,,2024-02-12 05:51:48,2024-02-12 05:52:14,25.435s,PASSED
Start listener action : sampleAfterTestCase,Edge Chromium 120,,,2024-02-12 05:52:14,2024-02-12 05:52:14,0.000s,PASSED
Start listener action : sampleAfterTestCase,Edge Chromium 120,,,2024-02-12 05:52:14,2024-02-12 05:52:14,0.000s,PASSED
,,,,,,,
Test Cases/Amazon_Search_TC_003,Edge Chromium 120,Search item in amazon,search,2024-02-12 05:52:14,2024-02-12 05:54:02,1m - 48.338s,PASSED
Start listener action : sampleBeforeTestCase,Edge Chromium 120,,,2024-02-12 05:52:14,2024-02-12 05:52:17,3.535s,PASSED
Start listener action : sampleBeforeTestCase,Edge Chromium 120,,,2024-02-12 05:52:17,2024-02-12 05:52:21,3.490s,PASSED
"openBrowser(""www.amazon.in"")",Edge Chromium 120,,,2024-02-12 05:52:21,2024-02-12 05:52:56,35.257s,PASSED
"if (verifyElementPresent(findTestObject(""Object Repository/Amazon_SignIn_OR/Page_Online Shopping site in India Shop Onl_10c5f3/span_Hello, sign in""), 10, OPTIONAL))",Edge Chromium 120,,,2024-02-12 05:52:56,2024-02-12 05:53:18,22.103s,PASSED
delay(10),Edge Chromium 120,,,2024-02-12 05:53:18,2024-02-12 05:53:28,10.009s,PASSED
"selectOptionByValue(findTestObject(""Object Repository/Amazon_Search_OR/Page_Online Shopping site in India Shop Onl_10c5f3/select_All Categories        Alexa Skills  _a62561""), Value, true)",Edge Chromium 120,,,2024-02-12 05:53:28,2024-02-12 05:53:36,7.922s,PASSED
"setText(findTestObject(""Object Repository/Amazon_Search_OR/Page_Online Shopping site in India Shop Onl_10c5f3/input_Search Amazon.in_field-keywords""), searchItem)",Edge Chromium 120,,,2024-02-12 05:53:36,2024-02-12 05:53:39,2.307s,PASSED
"click(findTestObject(""Object Repository/Amazon_Search_OR/Page_Online Shopping site in India Shop Onl_10c5f3/input_Search Amazon.in_nav-search-submit-button""))",Edge Chromium 120,,,2024-02-12 05:53:39,2024-02-12 05:54:02,23.710s,PASSED
Start listener action : sampleAfterTestCase,Edge Chromium 120,,,2024-02-12 05:54:02,2024-02-12 05:54:02,0.000s,PASSED
Start listener action : sampleAfterTestCase,Edge Chromium 120,,,2024-02-12 05:54:02,2024-02-12 05:54:02,0.000s,PASSED
,,,,,,,
Test Cases/Amazon_Search_TC_003,Edge Chromium 120,Search item in amazon,search,2024-02-12 05:54:02,2024-02-12 05:55:31,1m - 28.556s,PASSED
Start listener action : sampleBeforeTestCase,Edge Chromium 120,,,2024-02-12 05:54:02,2024-02-12 05:54:06,3.597s,PASSED
Start listener action : sampleBeforeTestCase,Edge Chromium 120,,,2024-02-12 05:54:06,2024-02-12 05:54:09,3.490s,PASSED
"openBrowser(""www.amazon.in"")",Edge Chromium 120,,,2024-02-12 05:54:09,2024-02-12 05:54:32,22.213s,PASSED
"if (verifyElementPresent(findTestObject(""Object Repository/Amazon_SignIn_OR/Page_Online Shopping site in India Shop Onl_10c5f3/span_Hello, sign in""), 10, OPTIONAL))",Edge Chromium 120,,,2024-02-12 05:54:32,2024-02-12 05:54:56,24.823s,PASSED
delay(10),Edge Chromium 120,,,2024-02-12 05:54:56,2024-02-12 05:55:06,10.009s,PASSED
"selectOptionByValue(findTestObject(""Object Repository/Amazon_Search_OR/Page_Online Shopping site in India Shop Onl_10c5f3/select_All Categories        Alexa Skills  _a62561""), Value, true)",Edge Chromium 120,,,2024-02-12 05:55:06,2024-02-12 05:55:09,2.633s,PASSED
"setText(findTestObject(""Object Repository/Amazon_Search_OR/Page_Online Shopping site in India Shop Onl_10c5f3/input_Search Amazon.in_field-keywords""), searchItem)",Edge Chromium 120,,,2024-02-12 05:55:09,2024-02-12 05:55:10,0.797s,PASSED
"click(findTestObject(""Object Repository/Amazon_Search_OR/Page_Online Shopping site in India Shop Onl_10c5f3/input_Search Amazon.in_nav-search-submit-button""))",Edge Chromium 120,,,2024-02-12 05:55:10,2024-02-12 05:55:31,20.985s,PASSED
Start listener action : sampleAfterTestCase,Edge Chromium 120,,,2024-02-12 05:55:31,2024-02-12 05:55:31,0.000s,PASSED
Start listener action : sampleAfterTestCase,Edge Chromium 120,,,2024-02-12 05:55:31,2024-02-12 05:55:31,0.000s,PASSED
,,,,,,,
Test Cases/Amazon_Search_TC_003,Edge Chromium 120,Search item in amazon,search,2024-02-12 05:55:31,2024-02-12 05:58:35,3m - 3.943s,PASSED
Start listener action : sampleBeforeTestCase,Edge Chromium 120,,,2024-02-12 05:55:31,2024-02-12 05:55:35,3.728s,PASSED
Start listener action : sampleBeforeTestCase,Edge Chromium 120,,,2024-02-12 05:55:35,2024-02-12 05:55:38,3.562s,PASSED
"openBrowser(""www.amazon.in"")",Edge Chromium 120,,,2024-02-12 05:55:38,2024-02-12 05:56:56,1m - 18.181s,PASSED
"if (verifyElementPresent(findTestObject(""Object Repository/Amazon_SignIn_OR/Page_Online Shopping site in India Shop Onl_10c5f3/span_Hello, sign in""), 10, OPTIONAL))",Edge Chromium 120,,,2024-02-12 05:56:56,2024-02-12 05:57:16,19.197s,PASSED
delay(10),Edge Chromium 120,,,2024-02-12 05:57:16,2024-02-12 05:57:26,10.005s,PASSED
"selectOptionByValue(findTestObject(""Object Repository/Amazon_Search_OR/Page_Online Shopping site in India Shop Onl_10c5f3/select_All Categories        Alexa Skills  _a62561""), Value, true)",Edge Chromium 120,,,2024-02-12 05:57:26,2024-02-12 05:57:40,14.665s,PASSED
"setText(findTestObject(""Object Repository/Amazon_Search_OR/Page_Online Shopping site in India Shop Onl_10c5f3/input_Search Amazon.in_field-keywords""), searchItem)",Edge Chromium 120,,,2024-02-12 05:57:40,2024-02-12 05:57:41,0.946s,PASSED
"click(findTestObject(""Object Repository/Amazon_Search_OR/Page_Online Shopping site in India Shop Onl_10c5f3/input_Search Amazon.in_nav-search-submit-button""))",Edge Chromium 120,,,2024-02-12 05:57:41,2024-02-12 05:58:35,53.646s,PASSED
Start listener action : sampleAfterTestCase,Edge Chromium 120,,,2024-02-12 05:58:35,2024-02-12 05:58:35,0.000s,PASSED
Start listener action : sampleAfterTestCase,Edge Chromium 120,,,2024-02-12 05:58:35,2024-02-12 05:58:35,0.000s,PASSED
,,,,,,,
Test Cases/Amazon_Search_TC_003,Edge Chromium 120,Search item in amazon,search,2024-02-12 05:58:35,2024-02-12 06:00:01,1m - 26.535s,PASSED
Start listener action : sampleBeforeTestCase,Edge Chromium 120,,,2024-02-12 05:58:35,2024-02-12 05:58:38,3.624s,PASSED
Start listener action : sampleBeforeTestCase,Edge Chromium 120,,,2024-02-12 05:58:38,2024-02-12 05:58:42,3.465s,PASSED
"openBrowser(""www.amazon.in"")",Edge Chromium 120,,,2024-02-12 05:58:42,2024-02-12 05:59:09,26.867s,PASSED
"if (verifyElementPresent(findTestObject(""Object Repository/Amazon_SignIn_OR/Page_Online Shopping site in India Shop Onl_10c5f3/span_Hello, sign in""), 10, OPTIONAL))",Edge Chromium 120,,,2024-02-12 05:59:09,2024-02-12 05:59:26,16.972s,PASSED
delay(10),Edge Chromium 120,,,2024-02-12 05:59:26,2024-02-12 05:59:36,10.013s,PASSED
"selectOptionByValue(findTestObject(""Object Repository/Amazon_Search_OR/Page_Online Shopping site in India Shop Onl_10c5f3/select_All Categories        Alexa Skills  _a62561""), Value, true)",Edge Chromium 120,,,2024-02-12 05:59:36,2024-02-12 05:59:41,5.391s,PASSED
"setText(findTestObject(""Object Repository/Amazon_Search_OR/Page_Online Shopping site in India Shop Onl_10c5f3/input_Search Amazon.in_field-keywords""), searchItem)",Edge Chromium 120,,,2024-02-12 05:59:41,2024-02-12 05:59:42,0.981s,PASSED
"click(findTestObject(""Object Repository/Amazon_Search_OR/Page_Online Shopping site in India Shop Onl_10c5f3/input_Search Amazon.in_nav-search-submit-button""))",Edge Chromium 120,,,2024-02-12 05:59:42,2024-02-12 06:00:01,19.219s,PASSED
Start listener action : sampleAfterTestCase,Edge Chromium 120,,,2024-02-12 06:00:01,2024-02-12 06:00:01,0.000s,PASSED
Start listener action : sampleAfterTestCase,Edge Chromium 120,,,2024-02-12 06:00:01,2024-02-12 06:00:01,0.000s,PASSED
,,,,,,,
Test Cases/Amazon_Search_TC_003,Edge Chromium 120,Search item in amazon,search,2024-02-12 06:00:01,2024-02-12 06:05:38,5m - 36.803s,PASSED
Start listener action : sampleBeforeTestCase,Edge Chromium 120,,,2024-02-12 06:00:01,2024-02-12 06:00:05,3.554s,PASSED
Start listener action : sampleBeforeTestCase,Edge Chromium 120,,,2024-02-12 06:00:05,2024-02-12 06:00:08,3.548s,PASSED
"openBrowser(""www.amazon.in"")",Edge Chromium 120,,,2024-02-12 06:00:08,2024-02-12 06:01:08,59.392s,PASSED
"if (verifyElementPresent(findTestObject(""Object Repository/Amazon_SignIn_OR/Page_Online Shopping site in India Shop Onl_10c5f3/span_Hello, sign in""), 10, OPTIONAL))",Edge Chromium 120,,,2024-02-12 06:01:08,2024-02-12 06:01:30,22.396s,PASSED
delay(10),Edge Chromium 120,,,2024-02-12 06:01:30,2024-02-12 06:01:40,10.016s,PASSED
"selectOptionByValue(findTestObject(""Object Repository/Amazon_Search_OR/Page_Online Shopping site in India Shop Onl_10c5f3/select_All Categories        Alexa Skills  _a62561""), Value, true)",Edge Chromium 120,,,2024-02-12 06:01:40,2024-02-12 06:02:18,37.973s,PASSED
"setText(findTestObject(""Object Repository/Amazon_Search_OR/Page_Online Shopping site in India Shop Onl_10c5f3/input_Search Amazon.in_field-keywords""), searchItem)",Edge Chromium 120,,,2024-02-12 06:02:18,2024-02-12 06:03:18,1m - 0.244s,PASSED
"click(findTestObject(""Object Repository/Amazon_Search_OR/Page_Online Shopping site in India Shop Onl_10c5f3/input_Search Amazon.in_nav-search-submit-button""))",Edge Chromium 120,,,2024-02-12 06:03:18,2024-02-12 06:05:38,2m - 19.675s,PASSED
Start listener action : sampleAfterTestCase,Edge Chromium 120,,,2024-02-12 06:05:38,2024-02-12 06:05:38,0.000s,PASSED
Start listener action : sampleAfterTestCase,Edge Chromium 120,,,2024-02-12 06:05:38,2024-02-12 06:05:38,0.000s,PASSED
,,,,,,,
Test Cases/Amazon_Search_TC_003,Edge Chromium 120,Search item in amazon,search,2024-02-12 06:05:49,2024-02-12 06:06:51,1m - 1.698s,PASSED
Start listener action : sampleBeforeTestCase,Edge Chromium 120,,,2024-02-12 06:05:49,2024-02-12 06:05:53,3.477s,PASSED
Start listener action : sampleBeforeTestCase,Edge Chromium 120,,,2024-02-12 06:05:53,2024-02-12 06:05:56,3.528s,PASSED
"openBrowser(""www.amazon.in"")",Edge Chromium 120,,,2024-02-12 06:05:56,2024-02-12 06:06:10,13.990s,PASSED
"if (verifyElementPresent(findTestObject(""Object Repository/Amazon_SignIn_OR/Page_Online Shopping site in India Shop Onl_10c5f3/span_Hello, sign in""), 10, OPTIONAL))",Edge Chromium 120,,,2024-02-12 06:06:10,2024-02-12 06:06:29,18.926s,PASSED
delay(10),Edge Chromium 120,,,2024-02-12 06:06:29,2024-02-12 06:06:39,10.010s,PASSED
"selectOptionByValue(findTestObject(""Object Repository/Amazon_Search_OR/Page_Online Shopping site in India Shop Onl_10c5f3/select_All Categories        Alexa Skills  _a62561""), Value, true)",Edge Chromium 120,,,2024-02-12 06:06:39,2024-02-12 06:06:42,2.345s,PASSED
"setText(findTestObject(""Object Repository/Amazon_Search_OR/Page_Online Shopping site in India Shop Onl_10c5f3/input_Search Amazon.in_field-keywords""), searchItem)",Edge Chromium 120,,,2024-02-12 06:06:42,2024-02-12 06:06:43,1.574s,PASSED
"click(findTestObject(""Object Repository/Amazon_Search_OR/Page_Online Shopping site in India Shop Onl_10c5f3/input_Search Amazon.in_nav-search-submit-button""))",Edge Chromium 120,,,2024-02-12 06:06:43,2024-02-12 06:06:51,7.845s,PASSED
Start listener action : sampleAfterTestCase,Edge Chromium 120,,,2024-02-12 06:06:51,2024-02-12 06:06:51,0.000s,PASSED
Start listener action : sampleAfterTestCase,Edge Chromium 120,,,2024-02-12 06:06:51,2024-02-12 06:06:51,0.000s,PASSED
,,,,,,,
Test Cases/Amazon_Search_TC_003,Edge Chromium 120,Search item in amazon,search,2024-02-12 06:08:49,2024-02-12 06:10:29,1m - 40.347s,PASSED
Start listener action : sampleBeforeTestCase,Edge Chromium 120,,,2024-02-12 06:08:49,2024-02-12 06:08:53,3.806s,PASSED
Start listener action : sampleBeforeTestCase,Edge Chromium 120,,,2024-02-12 06:08:53,2024-02-12 06:08:56,3.719s,PASSED
"openBrowser(""www.amazon.in"")",Edge Chromium 120,,,2024-02-12 06:08:56,2024-02-12 06:09:09,12.740s,PASSED
"if (verifyElementPresent(findTestObject(""Object Repository/Amazon_SignIn_OR/Page_Online Shopping site in India Shop Onl_10c5f3/span_Hello, sign in""), 10, OPTIONAL))",Edge Chromium 120,,,2024-02-12 06:09:09,2024-02-12 06:09:54,44.407s,PASSED
delay(10),Edge Chromium 120,,,2024-02-12 06:09:54,2024-02-12 06:10:04,10.012s,PASSED
"selectOptionByValue(findTestObject(""Object Repository/Amazon_Search_OR/Page_Online Shopping site in India Shop Onl_10c5f3/select_All Categories        Alexa Skills  _a62561""), Value, true)",Edge Chromium 120,,,2024-02-12 06:10:04,2024-02-12 06:10:06,2.806s,PASSED
"setText(findTestObject(""Object Repository/Amazon_Search_OR/Page_Online Shopping site in India Shop Onl_10c5f3/input_Search Amazon.in_field-keywords""), searchItem)",Edge Chromium 120,,,2024-02-12 06:10:06,2024-02-12 06:10:15,8.100s,PASSED
"click(findTestObject(""Object Repository/Amazon_Search_OR/Page_Online Shopping site in India Shop Onl_10c5f3/input_Search Amazon.in_nav-search-submit-button""))",Edge Chromium 120,,,2024-02-12 06:10:15,2024-02-12 06:10:29,14.751s,PASSED
Start listener action : sampleAfterTestCase,Edge Chromium 120,,,2024-02-12 06:10:29,2024-02-12 06:10:29,0.000s,PASSED
Start listener action : sampleAfterTestCase,Edge Chromium 120,,,2024-02-12 06:10:29,2024-02-12 06:10:29,0.000s,PASSED
,,,,,,,
Test Cases/Amazon_Search_TC_003,Edge Chromium 120,Search item in amazon,search,2024-02-12 06:10:29,2024-02-12 06:12:09,1m - 39.653s,PASSED
Start listener action : sampleBeforeTestCase,Edge Chromium 120,,,2024-02-12 06:10:29,2024-02-12 06:10:33,3.847s,PASSED
Start listener action : sampleBeforeTestCase,Edge Chromium 120,,,2024-02-12 06:10:33,2024-02-12 06:10:37,3.753s,PASSED
"openBrowser(""www.amazon.in"")",Edge Chromium 120,,,2024-02-12 06:10:37,2024-02-12 06:10:43,5.672s,PASSED
"if (verifyElementPresent(findTestObject(""Object Repository/Amazon_SignIn_OR/Page_Online Shopping site in India Shop Onl_10c5f3/span_Hello, sign in""), 10, OPTIONAL))",Edge Chromium 120,,,2024-02-12 06:10:43,2024-02-12 06:11:27,44.256s,PASSED
delay(10),Edge Chromium 120,,,2024-02-12 06:11:27,2024-02-12 06:11:37,10.015s,PASSED
"selectOptionByValue(findTestObject(""Object Repository/Amazon_Search_OR/Page_Online Shopping site in India Shop Onl_10c5f3/select_All Categories        Alexa Skills  _a62561""), Value, true)",Edge Chromium 120,,,2024-02-12 06:11:37,2024-02-12 06:11:40,3.608s,PASSED
"setText(findTestObject(""Object Repository/Amazon_Search_OR/Page_Online Shopping site in India Shop Onl_10c5f3/input_Search Amazon.in_field-keywords""), searchItem)",Edge Chromium 120,,,2024-02-12 06:11:40,2024-02-12 06:11:43,2.217s,PASSED
"click(findTestObject(""Object Repository/Amazon_Search_OR/Page_Online Shopping site in India Shop Onl_10c5f3/input_Search Amazon.in_nav-search-submit-button""))",Edge Chromium 120,,,2024-02-12 06:11:43,2024-02-12 06:12:09,26.277s,PASSED
Start listener action : sampleAfterTestCase,Edge Chromium 120,,,2024-02-12 06:12:09,2024-02-12 06:12:09,0.000s,PASSED
Start listener action : sampleAfterTestCase,Edge Chromium 120,,,2024-02-12 06:12:09,2024-02-12 06:12:09,0.000s,PASSED
,,,,,,,
Test Cases/Amazon_Search_TC_003,Edge Chromium 120,Search item in amazon,search,2024-02-12 06:12:09,2024-02-12 06:13:43,1m - 34.265s,PASSED
Start listener action : sampleBeforeTestCase,Edge Chromium 120,,,2024-02-12 06:12:09,2024-02-12 06:12:13,4.063s,PASSED
Start listener action : sampleBeforeTestCase,Edge Chromium 120,,,2024-02-12 06:12:13,2024-02-12 06:12:17,3.845s,PASSED
"openBrowser(""www.amazon.in"")",Edge Chromium 120,,,2024-02-12 06:12:17,2024-02-12 06:12:43,26.179s,PASSED
"if (verifyElementPresent(findTestObject(""Object Repository/Amazon_SignIn_OR/Page_Online Shopping site in India Shop Onl_10c5f3/span_Hello, sign in""), 10, OPTIONAL))",Edge Chromium 120,,,2024-02-12 06:12:43,2024-02-12 06:12:58,15.192s,PASSED
delay(10),Edge Chromium 120,,,2024-02-12 06:12:58,2024-02-12 06:13:08,10.016s,PASSED
"selectOptionByValue(findTestObject(""Object Repository/Amazon_Search_OR/Page_Online Shopping site in India Shop Onl_10c5f3/select_All Categories        Alexa Skills  _a62561""), Value, true)",Edge Chromium 120,,,2024-02-12 06:13:08,2024-02-12 06:13:11,3.132s,PASSED
"setText(findTestObject(""Object Repository/Amazon_Search_OR/Page_Online Shopping site in India Shop Onl_10c5f3/input_Search Amazon.in_field-keywords""), searchItem)",Edge Chromium 120,,,2024-02-12 06:13:11,2024-02-12 06:13:12,0.862s,PASSED
"click(findTestObject(""Object Repository/Amazon_Search_OR/Page_Online Shopping site in India Shop Onl_10c5f3/input_Search Amazon.in_nav-search-submit-button""))",Edge Chromium 120,,,2024-02-12 06:13:12,2024-02-12 06:13:43,30.969s,PASSED
Start listener action : sampleAfterTestCase,Edge Chromium 120,,,2024-02-12 06:13:43,2024-02-12 06:13:43,0.000s,PASSED
Start listener action : sampleAfterTestCase,Edge Chromium 120,,,2024-02-12 06:13:43,2024-02-12 06:13:43,0.000s,PASSED
,,,,,,,
Test Cases/Amazon_Search_TC_003,Edge Chromium 120,Search item in amazon,search,2024-02-12 06:13:43,2024-02-12 06:15:37,1m - 53.927s,PASSED
Start listener action : sampleBeforeTestCase,Edge Chromium 120,,,2024-02-12 06:13:43,2024-02-12 06:13:47,3.917s,PASSED
Start listener action : sampleBeforeTestCase,Edge Chromium 120,,,2024-02-12 06:13:47,2024-02-12 06:13:51,3.764s,PASSED
"openBrowser(""www.amazon.in"")",Edge Chromium 120,,,2024-02-12 06:13:51,2024-02-12 06:14:28,37.013s,PASSED
"if (verifyElementPresent(findTestObject(""Object Repository/Amazon_SignIn_OR/Page_Online Shopping site in India Shop Onl_10c5f3/span_Hello, sign in""), 10, OPTIONAL))",Edge Chromium 120,,,2024-02-12 06:14:28,2024-02-12 06:15:04,35.687s,PASSED
delay(10),Edge Chromium 120,,,2024-02-12 06:15:04,2024-02-12 06:15:14,10.009s,PASSED
"selectOptionByValue(findTestObject(""Object Repository/Amazon_Search_OR/Page_Online Shopping site in India Shop Onl_10c5f3/select_All Categories        Alexa Skills  _a62561""), Value, true)",Edge Chromium 120,,,2024-02-12 06:15:14,2024-02-12 06:15:16,2.445s,PASSED
"setText(findTestObject(""Object Repository/Amazon_Search_OR/Page_Online Shopping site in India Shop Onl_10c5f3/input_Search Amazon.in_field-keywords""), searchItem)",Edge Chromium 120,,,2024-02-12 06:15:16,2024-02-12 06:15:19,3.290s,PASSED
"click(findTestObject(""Object Repository/Amazon_Search_OR/Page_Online Shopping site in India Shop Onl_10c5f3/input_Search Amazon.in_nav-search-submit-button""))",Edge Chromium 120,,,2024-02-12 06:15:19,2024-02-12 06:15:37,17.796s,PASSED
Start listener action : sampleAfterTestCase,Edge Chromium 120,,,2024-02-12 06:15:37,2024-02-12 06:15:37,0.000s,PASSED
Start listener action : sampleAfterTestCase,Edge Chromium 120,,,2024-02-12 06:15:37,2024-02-12 06:15:37,0.000s,PASSED
,,,,,,,
Test Cases/Amazon_Search_TC_003,Edge Chromium 120,Search item in amazon,search,2024-02-12 06:15:37,2024-02-12 06:17:40,2m - 2.695s,PASSED
Start listener action : sampleBeforeTestCase,Edge Chromium 120,,,2024-02-12 06:15:37,2024-02-12 06:15:41,3.954s,PASSED
Start listener action : sampleBeforeTestCase,Edge Chromium 120,,,2024-02-12 06:15:41,2024-02-12 06:15:45,3.883s,PASSED
"openBrowser(""www.amazon.in"")",Edge Chromium 120,,,2024-02-12 06:15:45,2024-02-12 06:16:21,35.936s,PASSED
"if (verifyElementPresent(findTestObject(""Object Repository/Amazon_SignIn_OR/Page_Online Shopping site in India Shop Onl_10c5f3/span_Hello, sign in""), 10, OPTIONAL))",Edge Chromium 120,,,2024-02-12 06:16:21,2024-02-12 06:16:58,36.794s,PASSED
delay(10),Edge Chromium 120,,,2024-02-12 06:16:58,2024-02-12 06:17:08,10.006s,PASSED
"selectOptionByValue(findTestObject(""Object Repository/Amazon_Search_OR/Page_Online Shopping site in India Shop Onl_10c5f3/select_All Categories        Alexa Skills  _a62561""), Value, true)",Edge Chromium 120,,,2024-02-12 06:17:08,2024-02-12 06:17:11,3.170s,PASSED
"setText(findTestObject(""Object Repository/Amazon_Search_OR/Page_Online Shopping site in India Shop Onl_10c5f3/input_Search Amazon.in_field-keywords""), searchItem)",Edge Chromium 120,,,2024-02-12 06:17:11,2024-02-12 06:17:12,0.922s,PASSED
"click(findTestObject(""Object Repository/Amazon_Search_OR/Page_Online Shopping site in India Shop Onl_10c5f3/input_Search Amazon.in_nav-search-submit-button""))",Edge Chromium 120,,,2024-02-12 06:17:12,2024-02-12 06:17:40,28.023s,PASSED
Start listener action : sampleAfterTestCase,Edge Chromium 120,,,2024-02-12 06:17:40,2024-02-12 06:17:40,0.000s,PASSED
Start listener action : sampleAfterTestCase,Edge Chromium 120,,,2024-02-12 06:17:40,2024-02-12 06:17:40,0.000s,PASSED
,,,,,,,
Test Cases/Amazon_Search_TC_003,Edge Chromium 120,Search item in amazon,search,2024-02-12 06:17:54,2024-02-12 06:19:16,1m - 22.381s,PASSED
Start listener action : sampleBeforeTestCase,Edge Chromium 120,,,2024-02-12 06:17:54,2024-02-12 06:17:57,3.869s,PASSED
Start listener action : sampleBeforeTestCase,Edge Chromium 120,,,2024-02-12 06:17:57,2024-02-12 06:18:01,3.693s,PASSED
"openBrowser(""www.amazon.in"")",Edge Chromium 120,,,2024-02-12 06:18:01,2024-02-12 06:18:27,25.361s,PASSED
"if (verifyElementPresent(findTestObject(""Object Repository/Amazon_SignIn_OR/Page_Online Shopping site in India Shop Onl_10c5f3/span_Hello, sign in""), 10, OPTIONAL))",Edge Chromium 120,,,2024-02-12 06:18:27,2024-02-12 06:18:43,16.578s,PASSED
delay(10),Edge Chromium 120,,,2024-02-12 06:18:43,2024-02-12 06:18:53,10.011s,PASSED
"selectOptionByValue(findTestObject(""Object Repository/Amazon_Search_OR/Page_Online Shopping site in India Shop Onl_10c5f3/select_All Categories        Alexa Skills  _a62561""), Value, true)",Edge Chromium 120,,,2024-02-12 06:18:53,2024-02-12 06:18:59,5.794s,PASSED
"setText(findTestObject(""Object Repository/Amazon_Search_OR/Page_Online Shopping site in India Shop Onl_10c5f3/input_Search Amazon.in_field-keywords""), searchItem)",Edge Chromium 120,,,2024-02-12 06:18:59,2024-02-12 06:19:01,2.433s,PASSED
"click(findTestObject(""Object Repository/Amazon_Search_OR/Page_Online Shopping site in India Shop Onl_10c5f3/input_Search Amazon.in_nav-search-submit-button""))",Edge Chromium 120,,,2024-02-12 06:19:01,2024-02-12 06:19:16,14.628s,PASSED
Start listener action : sampleAfterTestCase,Edge Chromium 120,,,2024-02-12 06:19:16,2024-02-12 06:19:16,0.000s,PASSED
Start listener action : sampleAfterTestCase,Edge Chromium 120,,,2024-02-12 06:19:16,2024-02-12 06:19:16,0.000s,PASSED
,,,,,,,
Test Cases/Amazon_Search_TC_003,Edge Chromium 120,Search item in amazon,search,2024-02-12 06:19:30,2024-02-12 06:22:03,2m - 32.909s,PASSED
Start listener action : sampleBeforeTestCase,Edge Chromium 120,,,2024-02-12 06:19:30,2024-02-12 06:19:34,3.769s,PASSED
Start listener action : sampleBeforeTestCase,Edge Chromium 120,,,2024-02-12 06:19:34,2024-02-12 06:19:37,3.789s,PASSED
"openBrowser(""www.amazon.in"")",Edge Chromium 120,,,2024-02-12 06:19:37,2024-02-12 06:20:20,42.348s,PASSED
"if (verifyElementPresent(findTestObject(""Object Repository/Amazon_SignIn_OR/Page_Online Shopping site in India Shop Onl_10c5f3/span_Hello, sign in""), 10, OPTIONAL))",Edge Chromium 120,,,2024-02-12 06:20:20,2024-02-12 06:21:28,1m - 8.000s,PASSED
delay(10),Edge Chromium 120,,,2024-02-12 06:21:28,2024-02-12 06:21:38,10.012s,PASSED
"selectOptionByValue(findTestObject(""Object Repository/Amazon_Search_OR/Page_Online Shopping site in India Shop Onl_10c5f3/select_All Categories        Alexa Skills  _a62561""), Value, true)",Edge Chromium 120,,,2024-02-12 06:21:38,2024-02-12 06:21:40,2.767s,PASSED
"setText(findTestObject(""Object Repository/Amazon_Search_OR/Page_Online Shopping site in India Shop Onl_10c5f3/input_Search Amazon.in_field-keywords""), searchItem)",Edge Chromium 120,,,2024-02-12 06:21:40,2024-02-12 06:21:42,1.391s,PASSED
"click(findTestObject(""Object Repository/Amazon_Search_OR/Page_Online Shopping site in India Shop Onl_10c5f3/input_Search Amazon.in_nav-search-submit-button""))",Edge Chromium 120,,,2024-02-12 06:21:42,2024-02-12 06:22:03,20.822s,PASSED
Start listener action : sampleAfterTestCase,Edge Chromium 120,,,2024-02-12 06:22:03,2024-02-12 06:22:03,0.000s,PASSED
Start listener action : sampleAfterTestCase,Edge Chromium 120,,,2024-02-12 06:22:03,2024-02-12 06:22:03,0.001s,PASSED
,,,,,,,
Test Cases/Amazon_Search_TC_003,Edge Chromium 120,Search item in amazon,search,2024-02-12 06:22:17,2024-02-12 06:23:39,1m - 22.020s,PASSED
Start listener action : sampleBeforeTestCase,Edge Chromium 120,,,2024-02-12 06:22:17,2024-02-12 06:22:21,3.889s,PASSED
Start listener action : sampleBeforeTestCase,Edge Chromium 120,,,2024-02-12 06:22:21,2024-02-12 06:22:24,3.746s,PASSED
"openBrowser(""www.amazon.in"")",Edge Chromium 120,,,2024-02-12 06:22:24,2024-02-12 06:22:48,23.330s,PASSED
"if (verifyElementPresent(findTestObject(""Object Repository/Amazon_SignIn_OR/Page_Online Shopping site in India Shop Onl_10c5f3/span_Hello, sign in""), 10, OPTIONAL))",Edge Chromium 120,,,2024-02-12 06:22:48,2024-02-12 06:23:06,18.498s,PASSED
delay(10),Edge Chromium 120,,,2024-02-12 06:23:06,2024-02-12 06:23:16,10.019s,PASSED
"selectOptionByValue(findTestObject(""Object Repository/Amazon_Search_OR/Page_Online Shopping site in India Shop Onl_10c5f3/select_All Categories        Alexa Skills  _a62561""), Value, true)",Edge Chromium 120,,,2024-02-12 06:23:16,2024-02-12 06:23:20,3.705s,PASSED
"setText(findTestObject(""Object Repository/Amazon_Search_OR/Page_Online Shopping site in India Shop Onl_10c5f3/input_Search Amazon.in_field-keywords""), searchItem)",Edge Chromium 120,,,2024-02-12 06:23:20,2024-02-12 06:23:22,2.282s,PASSED
"click(findTestObject(""Object Repository/Amazon_Search_OR/Page_Online Shopping site in India Shop Onl_10c5f3/input_Search Amazon.in_nav-search-submit-button""))",Edge Chromium 120,,,2024-02-12 06:23:22,2024-02-12 06:23:39,16.543s,PASSED
Start listener action : sampleAfterTestCase,Edge Chromium 120,,,2024-02-12 06:23:39,2024-02-12 06:23:39,0.000s,PASSED
Start listener action : sampleAfterTestCase,Edge Chromium 120,,,2024-02-12 06:23:39,2024-02-12 06:23:39,0.000s,PASSED
,,,,,,,
Test Cases/Amazon_Search_TC_003,Edge Chromium 120,Search item in amazon,search,2024-02-12 06:23:39,2024-02-12 06:25:47,2m - 7.778s,PASSED
Start listener action : sampleBeforeTestCase,Edge Chromium 120,,,2024-02-12 06:23:39,2024-02-12 06:23:43,3.751s,PASSED
Start listener action : sampleBeforeTestCase,Edge Chromium 120,,,2024-02-12 06:23:43,2024-02-12 06:23:47,3.862s,PASSED
"openBrowser(""www.amazon.in"")",Edge Chromium 120,,,2024-02-12 06:23:47,2024-02-12 06:24:23,36.798s,PASSED
"if (verifyElementPresent(findTestObject(""Object Repository/Amazon_SignIn_OR/Page_Online Shopping site in India Shop Onl_10c5f3/span_Hello, sign in""), 10, OPTIONAL))",Edge Chromium 120,,,2024-02-12 06:24:23,2024-02-12 06:24:44,21.108s,PASSED
delay(10),Edge Chromium 120,,,2024-02-12 06:24:44,2024-02-12 06:24:54,10.003s,PASSED
"selectOptionByValue(findTestObject(""Object Repository/Amazon_Search_OR/Page_Online Shopping site in India Shop Onl_10c5f3/select_All Categories        Alexa Skills  _a62561""), Value, true)",Edge Chromium 120,,,2024-02-12 06:24:54,2024-02-12 06:25:18,23.161s,PASSED
"setText(findTestObject(""Object Repository/Amazon_Search_OR/Page_Online Shopping site in India Shop Onl_10c5f3/input_Search Amazon.in_field-keywords""), searchItem)",Edge Chromium 120,,,2024-02-12 06:25:18,2024-02-12 06:25:21,2.994s,PASSED
"click(findTestObject(""Object Repository/Amazon_Search_OR/Page_Online Shopping site in India Shop Onl_10c5f3/input_Search Amazon.in_nav-search-submit-button""))",Edge Chromium 120,,,2024-02-12 06:25:21,2024-02-12 06:25:47,26.092s,PASSED
Start listener action : sampleAfterTestCase,Edge Chromium 120,,,2024-02-12 06:25:47,2024-02-12 06:25:47,0.000s,PASSED
Start listener action : sampleAfterTestCase,Edge Chromium 120,,,2024-02-12 06:25:47,2024-02-12 06:25:47,0.000s,PASSED
,,,,,,,
Test Cases/Amazon_Search_TC_003,Edge Chromium 120,Search item in amazon,search,2024-02-12 06:25:47,2024-02-12 06:27:52,2m - 4.986s,PASSED
Start listener action : sampleBeforeTestCase,Edge Chromium 120,,,2024-02-12 06:25:47,2024-02-12 06:25:51,4.232s,PASSED
Start listener action : sampleBeforeTestCase,Edge Chromium 120,,,2024-02-12 06:25:51,2024-02-12 06:25:55,3.686s,PASSED
"openBrowser(""www.amazon.in"")",Edge Chromium 120,,,2024-02-12 06:25:55,2024-02-12 06:26:35,40.325s,PASSED
"if (verifyElementPresent(findTestObject(""Object Repository/Amazon_SignIn_OR/Page_Online Shopping site in India Shop Onl_10c5f3/span_Hello, sign in""), 10, OPTIONAL))",Edge Chromium 120,,,2024-02-12 06:26:35,2024-02-12 06:27:18,43.361s,PASSED
delay(10),Edge Chromium 120,,,2024-02-12 06:27:18,2024-02-12 06:27:28,10.005s,PASSED
"selectOptionByValue(findTestObject(""Object Repository/Amazon_Search_OR/Page_Online Shopping site in India Shop Onl_10c5f3/select_All Categories        Alexa Skills  _a62561""), Value, true)",Edge Chromium 120,,,2024-02-12 06:27:28,2024-02-12 06:27:33,4.166s,PASSED
"setText(findTestObject(""Object Repository/Amazon_Search_OR/Page_Online Shopping site in India Shop Onl_10c5f3/input_Search Amazon.in_field-keywords""), searchItem)",Edge Chromium 120,,,2024-02-12 06:27:33,2024-02-12 06:27:38,5.573s,PASSED
"click(findTestObject(""Object Repository/Amazon_Search_OR/Page_Online Shopping site in India Shop Onl_10c5f3/input_Search Amazon.in_nav-search-submit-button""))",Edge Chromium 120,,,2024-02-12 06:27:38,2024-02-12 06:27:52,13.628s,PASSED
Start listener action : sampleAfterTestCase,Edge Chromium 120,,,2024-02-12 06:27:52,2024-02-12 06:27:52,0.000s,PASSED
Start listener action : sampleAfterTestCase,Edge Chromium 120,,,2024-02-12 06:27:52,2024-02-12 06:27:52,0.000s,PASSED
,,,,,,,
Test Cases/Amazon_Search_TC_003,Edge Chromium 120,Search item in amazon,search,2024-02-12 06:28:29,2024-02-12 06:28:43,13.900s,FAILED
Start listener action : sampleBeforeTestCase,Edge Chromium 120,,,2024-02-12 06:28:29,2024-02-12 06:28:33,3.719s,PASSED
Start listener action : sampleBeforeTestCase,Edge Chromium 120,,,2024-02-12 06:28:33,2024-02-12 06:28:36,3.756s,PASSED
"openBrowser(""www.amazon.in"")",Edge Chromium 120,,,2024-02-12 06:28:36,2024-02-12 06:28:43,6.416s,FAILED
Start listener action : sampleAfterTestCase,Edge Chromium 120,,,2024-02-12 06:28:43,2024-02-12 06:28:43,0.000s,PASSED
Start listener action : sampleAfterTestCase,Edge Chromium 120,,,2024-02-12 06:28:43,2024-02-12 06:28:43,0.000s,PASSED
,,,,,,,
Test Cases/Amazon_Search_TC_003,Edge Chromium 120,Search item in amazon,search,2024-02-12 06:28:43,2024-02-12 06:30:07,1m - 24.247s,PASSED
Start listener action : sampleBeforeTestCase,Edge Chromium 120,,,2024-02-12 06:28:43,2024-02-12 06:28:47,3.822s,PASSED
Start listener action : sampleBeforeTestCase,Edge Chromium 120,,,2024-02-12 06:28:47,2024-02-12 06:28:50,3.771s,PASSED
"openBrowser(""www.amazon.in"")",Edge Chromium 120,,,2024-02-12 06:28:50,2024-02-12 06:28:56,5.243s,PASSED
"if (verifyElementPresent(findTestObject(""Object Repository/Amazon_SignIn_OR/Page_Online Shopping site in India Shop Onl_10c5f3/span_Hello, sign in""), 10, OPTIONAL))",Edge Chromium 120,,,2024-02-12 06:28:56,2024-02-12 06:29:33,37.393s,PASSED
delay(10),Edge Chromium 120,,,2024-02-12 06:29:33,2024-02-12 06:29:43,10.015s,PASSED
"selectOptionByValue(findTestObject(""Object Repository/Amazon_Search_OR/Page_Online Shopping site in India Shop Onl_10c5f3/select_All Categories        Alexa Skills  _a62561""), Value, true)",Edge Chromium 120,,,2024-02-12 06:29:43,2024-02-12 06:29:56,12.932s,PASSED
"setText(findTestObject(""Object Repository/Amazon_Search_OR/Page_Online Shopping site in India Shop Onl_10c5f3/input_Search Amazon.in_field-keywords""), searchItem)",Edge Chromium 120,,,2024-02-12 06:29:56,2024-02-12 06:29:58,1.719s,PASSED
"click(findTestObject(""Object Repository/Amazon_Search_OR/Page_Online Shopping site in India Shop Onl_10c5f3/input_Search Amazon.in_nav-search-submit-button""))",Edge Chromium 120,,,2024-02-12 06:29:58,2024-02-12 06:30:07,9.345s,PASSED
Start listener action : sampleAfterTestCase,Edge Chromium 120,,,2024-02-12 06:30:07,2024-02-12 06:30:07,0.001s,PASSED
Start listener action : sampleAfterTestCase,Edge Chromium 120,,,2024-02-12 06:30:07,2024-02-12 06:30:07,0.000s,PASSED
,,,,,,,
Test Cases/Amazon_Search_TC_003,Edge Chromium 120,Search item in amazon,search,2024-02-12 06:30:07,2024-02-12 06:31:13,1m - 5.454s,PASSED
Start listener action : sampleBeforeTestCase,Edge Chromium 120,,,2024-02-12 06:30:07,2024-02-12 06:30:11,3.865s,PASSED
Start listener action : sampleBeforeTestCase,Edge Chromium 120,,,2024-02-12 06:30:11,2024-02-12 06:30:15,3.735s,PASSED
"openBrowser(""www.amazon.in"")",Edge Chromium 120,,,2024-02-12 06:30:15,2024-02-12 06:30:22,7.588s,PASSED
"if (verifyElementPresent(findTestObject(""Object Repository/Amazon_SignIn_OR/Page_Online Shopping site in India Shop Onl_10c5f3/span_Hello, sign in""), 10, OPTIONAL))",Edge Chromium 120,,,2024-02-12 06:30:22,2024-02-12 06:30:50,27.454s,PASSED
delay(10),Edge Chromium 120,,,2024-02-12 06:30:50,2024-02-12 06:31:00,10.008s,PASSED
"selectOptionByValue(findTestObject(""Object Repository/Amazon_Search_OR/Page_Online Shopping site in India Shop Onl_10c5f3/select_All Categories        Alexa Skills  _a62561""), Value, true)",Edge Chromium 120,,,2024-02-12 06:31:00,2024-02-12 06:31:03,3.023s,PASSED
"setText(findTestObject(""Object Repository/Amazon_Search_OR/Page_Online Shopping site in India Shop Onl_10c5f3/input_Search Amazon.in_field-keywords""), searchItem)",Edge Chromium 120,,,2024-02-12 06:31:03,2024-02-12 06:31:04,1.567s,PASSED
"click(findTestObject(""Object Repository/Amazon_Search_OR/Page_Online Shopping site in India Shop Onl_10c5f3/input_Search Amazon.in_nav-search-submit-button""))",Edge Chromium 120,,,2024-02-12 06:31:04,2024-02-12 06:31:13,8.208s,PASSED
Start listener action : sampleAfterTestCase,Edge Chromium 120,,,2024-02-12 06:31:13,2024-02-12 06:31:13,0.000s,PASSED
Start listener action : sampleAfterTestCase,Edge Chromium 120,,,2024-02-12 06:31:13,2024-02-12 06:31:13,0.000s,PASSED
,,,,,,,
Test Cases/Amazon_Search_TC_003,Edge Chromium 120,Search item in amazon,search,2024-02-12 06:31:13,2024-02-12 06:32:31,1m - 17.936s,PASSED
Start listener action : sampleBeforeTestCase,Edge Chromium 120,,,2024-02-12 06:31:13,2024-02-12 06:31:17,3.928s,PASSED
Start listener action : sampleBeforeTestCase,Edge Chromium 120,,,2024-02-12 06:31:17,2024-02-12 06:31:20,3.730s,PASSED
"openBrowser(""www.amazon.in"")",Edge Chromium 120,,,2024-02-12 06:31:20,2024-02-12 06:31:34,13.239s,PASSED
"if (verifyElementPresent(findTestObject(""Object Repository/Amazon_SignIn_OR/Page_Online Shopping site in India Shop Onl_10c5f3/span_Hello, sign in""), 10, OPTIONAL))",Edge Chromium 120,,,2024-02-12 06:31:34,2024-02-12 06:32:00,26.136s,PASSED
delay(10),Edge Chromium 120,,,2024-02-12 06:32:00,2024-02-12 06:32:10,10.020s,PASSED
"selectOptionByValue(findTestObject(""Object Repository/Amazon_Search_OR/Page_Online Shopping site in India Shop Onl_10c5f3/select_All Categories        Alexa Skills  _a62561""), Value, true)",Edge Chromium 120,,,2024-02-12 06:32:10,2024-02-12 06:32:12,2.703s,PASSED
"setText(findTestObject(""Object Repository/Amazon_Search_OR/Page_Online Shopping site in India Shop Onl_10c5f3/input_Search Amazon.in_field-keywords""), searchItem)",Edge Chromium 120,,,2024-02-12 06:32:12,2024-02-12 06:32:14,1.316s,PASSED
"click(findTestObject(""Object Repository/Amazon_Search_OR/Page_Online Shopping site in India Shop Onl_10c5f3/input_Search Amazon.in_nav-search-submit-button""))",Edge Chromium 120,,,2024-02-12 06:32:14,2024-02-12 06:32:31,16.858s,PASSED
Start listener action : sampleAfterTestCase,Edge Chromium 120,,,2024-02-12 06:32:31,2024-02-12 06:32:31,0.000s,PASSED
Start listener action : sampleAfterTestCase,Edge Chromium 120,,,2024-02-12 06:32:31,2024-02-12 06:32:31,0.000s,PASSED
