Suite/Test/Step Name,Browser,Description,Tag,Start time,End time,Duration,Status
Amazon_SignIn_TS,Edge Chromium 120,,,2024-02-08 18:46:07,2024-02-08 18:47:04,57.568s,PASSED
,,,,,,,
Test Cases/Amazon_SignIn_TC_002,Edge Chromium 120,sign in,SignIn,2024-02-08 18:46:07,2024-02-08 18:47:04,57.195s,PASSED
Start listener action : sampleBeforeTestCase,Edge Chromium 120,,,2024-02-08 18:46:07,2024-02-08 18:46:27,19.330s,PASSED
"openBrowser("""")",Edge Chromium 120,,,2024-02-08 18:46:27,2024-02-08 18:46:30,2.212s,PASSED
"navigateToUrl(""https://www.amazon.in/"")",Edge Chromium 120,,,2024-02-08 18:46:30,2024-02-08 18:46:38,8.681s,PASSED
"click(findTestObject(""Object Repository/Amazon_SignIn_OR/Page_Online Shopping site in India Shop Onl_10c5f3/span_Hello, sign in""))",Edge Chromium 120,,,2024-02-08 18:46:38,2024-02-08 18:46:42,3.561s,PASSED
"setText(findTestObject(""Object Repository/Amazon_SignIn_OR/Page_Amazon Sign In/input_Email or mobile phone number_email""), UserID)",Edge Chromium 120,,,2024-02-08 18:46:42,2024-02-08 18:46:45,3.141s,PASSED
"click(findTestObject(""Object Repository/Amazon_SignIn_OR/Page_Amazon Sign In/input_Enter your email or mobile phone numb_fc7402""))",Edge Chromium 120,,,2024-02-08 18:46:45,2024-02-08 18:46:48,2.920s,PASSED
"setText(findTestObject(""Object Repository/Amazon_SignIn_OR/Page_Amazon Sign In/input_Forgot Password_password""), Password)",Edge Chromium 120,,,2024-02-08 18:46:48,2024-02-08 18:46:49,1.466s,PASSED
"click(findTestObject(""Object Repository/Amazon_SignIn_OR/Page_Amazon Sign In/input_Enter your password_signInSubmit""))",Edge Chromium 120,,,2024-02-08 18:46:49,2024-02-08 18:46:50,0.593s,PASSED
"click(findTestObject(""Object Repository/Amazon_SignIn_OR/Page_Online Shopping site in India Shop Onl_10c5f3/a_in""))",Edge Chromium 120,,,2024-02-08 18:46:50,2024-02-08 18:47:03,13.453s,PASSED
closeBrowser(),Edge Chromium 120,,,2024-02-08 18:47:03,2024-02-08 18:47:04,0.953s,PASSED
Start listener action : sampleAfterTestCase,Edge Chromium 120,,,2024-02-08 18:47:04,2024-02-08 18:47:04,0.006s,PASSED
