Suite/Test/Step Name,Browser,Description,Tag,Start time,End time,Duration,Status
Amazon_Cart_TS,Edge Chromium 120,,,2024-02-12 06:38:48,2024-02-12 06:42:19,3m - 31.705s,PASSED
,,,,,,,
Test Cases/Amazon_Cart_TC_004,Edge Chromium 120,Amazon add to cart function,Cart,2024-02-12 06:39:03,2024-02-12 06:42:19,3m - 16.618s,PASSED
Start listener action : sampleBeforeTestCase,Edge Chromium 120,,,2024-02-12 06:39:03,2024-02-12 06:39:06,3.758s,PASSED
Start listener action : sampleBeforeTestCase,Edge Chromium 120,,,2024-02-12 06:39:06,2024-02-12 06:39:10,3.849s,PASSED
"openBrowser("""")",Edge Chromium 120,,,2024-02-12 06:39:10,2024-02-12 06:39:14,3.832s,PASSED
"navigateToUrl(""https://www.amazon.in/"")",Edge Chromium 120,,,2024-02-12 06:39:14,2024-02-12 06:39:37,23.363s,PASSED
"if (verifyElementPresent(findTestObject(""Object Repository/Amazon_Cart_OR/Page_Online Shopping site in India Shop Onl_10c5f3/span_Hello, sign in""), 10, OPTIONAL))",Edge Chromium 120,,,2024-02-12 06:39:37,2024-02-12 06:40:02,24.282s,PASSED
"setText(findTestObject(""Object Repository/Amazon_Cart_OR/Page_Online Shopping site in India Shop Onl_10c5f3/input_Search Amazon.in_field-keywords""), searchItem1)",Edge Chromium 120,,,2024-02-12 06:40:02,2024-02-12 06:40:04,2.593s,PASSED
"click(findTestObject(""Object Repository/Amazon_Cart_OR/Page_Online Shopping site in India Shop Onl_10c5f3/input_Search Amazon.in_nav-search-submit-button""))",Edge Chromium 120,,,2024-02-12 06:40:04,2024-02-12 06:40:14,10.125s,PASSED
"click(findTestObject(""Object Repository/Amazon_Cart_OR/Page_Amazon.in  da vinci code/span_The Da Vinci Code (Abridged Edition) P_4896eb""))",Edge Chromium 120,,,2024-02-12 06:40:14,2024-02-12 06:40:17,2.245s,PASSED
"switchToWindowTitle(""The Da Vinci Code (Abridged Edition) [Paperback] Brown, Dan : BROWN DAN: Amazon.in: Books"")",Edge Chromium 120,,,2024-02-12 06:40:17,2024-02-12 06:40:30,13.353s,PASSED
"click(findTestObject(""Object Repository/Amazon_Cart_OR/Page_The Da Vinci Code (Abridged Edition) P_54f610/input_Quantity_submit.add-to-cart""))",Edge Chromium 120,,,2024-02-12 06:40:30,2024-02-12 06:40:40,10.191s,PASSED
"setText(findTestObject(""Amazon_Cart_Results_OR/Amazon_Search_Page/input_Search Amazon.in_field-keywords""), searchitem2)",Edge Chromium 120,,,2024-02-12 06:40:40,2024-02-12 06:40:42,1.553s,PASSED
"click(findTestObject(""Amazon_Cart_Results_OR/Amazon_Search_Page/input_Search Amazon.in_nav-search-submit-button""))",Edge Chromium 120,,,2024-02-12 06:40:42,2024-02-12 06:40:55,13.554s,PASSED
"click(findTestObject(""Amazon_Cart_Results_OR/Page_Amazon.in  moto razr 40/span_Motorola razr 40""))",Edge Chromium 120,,,2024-02-12 06:40:55,2024-02-12 06:41:06,11.076s,PASSED
switchToWindowIndex(2),Edge Chromium 120,,,2024-02-12 06:41:06,2024-02-12 06:41:07,0.045s,PASSED
"click(findTestObject(""Amazon_Cart_Results_OR/Page_Motorola razr 40/Add_to _Cart""))",Edge Chromium 120,,,2024-02-12 06:41:07,2024-02-12 06:41:43,36.832s,PASSED
"click(findTestObject(""Amazon_Cart_Results_OR/Motorola razr 40_close/a-page_close""))",Edge Chromium 120,,,2024-02-12 06:41:43,2024-02-12 06:42:14,30.490s,PASSED
delay(4),Edge Chromium 120,,,2024-02-12 06:42:14,2024-02-12 06:42:18,4.030s,PASSED
closeBrowser(),Edge Chromium 120,,,2024-02-12 06:42:18,2024-02-12 06:42:19,1.394s,PASSED
Start listener action : sampleAfterTestCase,Edge Chromium 120,,,2024-02-12 06:42:19,2024-02-12 06:42:19,0.000s,PASSED
Start listener action : sampleAfterTestCase,Edge Chromium 120,,,2024-02-12 06:42:19,2024-02-12 06:42:19,0.000s,PASSED
