Suite/Test/Step Name,Browser,Description,Tag,Start time,End time,Duration,Status
Amazon_SignIn_TS,,,,2024-02-08 21:23:26,2024-02-08 21:23:33,7.725s,FAILED
,,,,,,,
Test Cases/Amazon_SignIn_TC_002,,sign in,SignIn,2024-02-08 21:23:26,2024-02-08 21:23:33,7.216s,FAILED
Start listener action : sampleBeforeTestCase,,,,2024-02-08 21:23:26,2024-02-08 21:23:30,3.592s,ERROR
Start listener action : sampleBeforeTestCase,,,,2024-02-08 21:23:30,2024-02-08 21:23:31,1.554s,ERROR
"openBrowser("""")",,,,2024-02-08 21:23:32,2024-02-08 21:23:33,1.460s,FAILED
Start listener action : sampleAfterTestCase,,,,2024-02-08 21:23:33,2024-02-08 21:23:33,0.001s,PASSED
Start listener action : sampleAfterTestCase,,,,2024-02-08 21:23:33,2024-02-08 21:23:33,0.000s,PASSED
