Suite/Test/Step Name,Browser,Description,Tag,Start time,End time,Duration,Status
Amazon_Sign_Up,Firefox 122.0,,,2024-02-08 16:26:17,2024-02-08 16:26:39,22.043s,PASSED
,,,,,,,
Test Cases/Amazon_SignUp_TC_001,Firefox 122.0,user register into new account,Singup,2024-02-08 16:26:17,2024-02-08 16:26:39,21.852s,PASSED
"openBrowser("""")",Firefox 122.0,,,2024-02-08 16:26:17,2024-02-08 16:26:20,3.150s,PASSED
"navigateToUrl(""https://www.amazon.com/"")",Firefox 122.0,,,2024-02-08 16:26:20,2024-02-08 16:26:26,5.869s,PASSED
"click(findTestObject(""Object Repository/Amazon_SignUp_OR/Page_Amazon.com. Spend less. Smile more/span_Hello, sign in""))",Firefox 122.0,,,2024-02-08 16:26:26,2024-02-08 16:26:28,2.213s,PASSED
"click(findTestObject(""Object Repository/Amazon_SignUp_OR/Page_Amazon Sign-In/a_Create your Amazon account""))",Firefox 122.0,,,2024-02-08 16:26:28,2024-02-08 16:26:31,2.181s,PASSED
"setText(findTestObject(""Object Repository/Amazon_SignUp_OR/Page_Amazon Registration/input_Your name_customerName""), ""RaviSaiChowdary"")",Firefox 122.0,,,2024-02-08 16:26:31,2024-02-08 16:26:32,1.764s,PASSED
"setText(findTestObject(""Object Repository/Amazon_SignUp_OR/Page_Amazon Registration/input_US 1_email""), userId)",Firefox 122.0,,,2024-02-08 16:26:32,2024-02-08 16:26:33,1.077s,PASSED
"setText(findTestObject(""Object Repository/Amazon_SignUp_OR/Page_Amazon Registration/input_Password_password""), Password)",Firefox 122.0,,,2024-02-08 16:26:33,2024-02-08 16:26:34,0.658s,PASSED
"setText(findTestObject(""Object Repository/Amazon_SignUp_OR/Page_Amazon Registration/input_Re-enter password_passwordCheck""), Confirm)",Firefox 122.0,,,2024-02-08 16:26:34,2024-02-08 16:26:35,0.972s,PASSED
"click(findTestObject(""Object Repository/Amazon_SignUp_OR/Page_Amazon Registration/input_Passwords must match_continue""))",Firefox 122.0,,,2024-02-08 16:26:35,2024-02-08 16:26:39,3.537s,PASSED
