Suite/Test/Step Name,Browser,Description,Tag,Start time,End time,Duration,Status
Amazon_SignIn_TS,Firefox 122.0,,,2024-02-08 18:48:07,2024-02-08 18:50:24,2m - 16.913s,PASSED
,,,,,,,
Test Cases/Amazon_SignIn_TC_002,Firefox 122.0,sign in,SignIn,2024-02-08 18:49:20,2024-02-08 18:50:24,1m - 4.051s,PASSED
Start listener action : sampleBeforeTestCase,Firefox 122.0,,,2024-02-08 18:49:20,2024-02-08 18:49:28,7.777s,PASSED
"openBrowser("""")",Firefox 122.0,,,2024-02-08 18:49:28,2024-02-08 18:49:33,4.994s,PASSED
"navigateToUrl(""https://www.amazon.in/"")",Firefox 122.0,,,2024-02-08 18:49:33,2024-02-08 18:49:41,8.051s,PASSED
"click(findTestObject(""Object Repository/Amazon_SignIn_OR/Page_Online Shopping site in India Shop Onl_10c5f3/span_Hello, sign in""))",Firefox 122.0,,,2024-02-08 18:49:41,2024-02-08 18:49:49,8.397s,PASSED
"setText(findTestObject(""Object Repository/Amazon_SignIn_OR/Page_Amazon Sign In/input_Email or mobile phone number_email""), UserID)",Firefox 122.0,,,2024-02-08 18:49:49,2024-02-08 18:49:53,3.853s,PASSED
"click(findTestObject(""Object Repository/Amazon_SignIn_OR/Page_Amazon Sign In/input_Enter your email or mobile phone numb_fc7402""))",Firefox 122.0,,,2024-02-08 18:49:53,2024-02-08 18:49:56,3.055s,PASSED
"setText(findTestObject(""Object Repository/Amazon_SignIn_OR/Page_Amazon Sign In/input_Forgot Password_password""), Password)",Firefox 122.0,,,2024-02-08 18:49:56,2024-02-08 18:49:57,0.896s,PASSED
"click(findTestObject(""Object Repository/Amazon_SignIn_OR/Page_Amazon Sign In/input_Enter your password_signInSubmit""))",Firefox 122.0,,,2024-02-08 18:49:57,2024-02-08 18:50:01,4.361s,PASSED
"click(findTestObject(""Object Repository/Amazon_SignIn_OR/Page_Online Shopping site in India Shop Onl_10c5f3/a_in""))",Firefox 122.0,,,2024-02-08 18:50:01,2024-02-08 18:50:22,20.816s,PASSED
closeBrowser(),Firefox 122.0,,,2024-02-08 18:50:22,2024-02-08 18:50:24,1.813s,PASSED
Start listener action : sampleAfterTestCase,Firefox 122.0,,,2024-02-08 18:50:24,2024-02-08 18:50:24,0.000s,PASSED
