Suite/Test/Step Name,Browser,Description,Tag,Start time,End time,Duration,Status
Amazon_SignIn_TS,Firefox 122.0,,,2024-02-11 17:03:48,2024-02-11 17:05:08,1m - 19.412s,PASSED
,,,,,,,
Test Cases/Amazon_SignIn_TC_002,Firefox 122.0,sign in,SignIn,2024-02-11 17:03:49,2024-02-11 17:05:08,1m - 19.004s,PASSED
Start listener action : sampleBeforeTestCase,Firefox 122.0,,,2024-02-11 17:03:49,2024-02-11 17:03:54,5.322s,PASSED
Start listener action : sampleBeforeTestCase,Firefox 122.0,,,2024-02-11 17:03:54,2024-02-11 17:04:00,5.565s,PASSED
"openBrowser("""")",Firefox 122.0,,,2024-02-11 17:04:00,2024-02-11 17:04:06,5.363s,PASSED
"navigateToUrl(""https://www.amazon.in/"")",Firefox 122.0,,,2024-02-11 17:04:06,2024-02-11 17:04:36,30.693s,PASSED
"click(findTestObject(""Object Repository/Amazon_SignIn_OR/Page_Online Shopping site in India Shop Onl_10c5f3/span_Hello, sign in""))",Firefox 122.0,,,2024-02-11 17:04:36,2024-02-11 17:04:48,11.337s,PASSED
"verifyCheckpoint(findCheckpoint(""Checkpoints/AmazonSigin_CheckPoint""), true)",Firefox 122.0,,,2024-02-11 17:04:48,2024-02-11 17:04:49,1.351s,PASSED
"setText(findTestObject(""Object Repository/Amazon_SignIn_OR/Page_Amazon Sign In/input_Email or mobile phone number_email""), UserID)",Firefox 122.0,,,2024-02-11 17:04:49,2024-02-11 17:04:50,1.171s,PASSED
"click(findTestObject(""Object Repository/Amazon_SignIn_OR/Page_Amazon Sign In/input_Enter your email or mobile phone numb_fc7402""))",Firefox 122.0,,,2024-02-11 17:04:50,2024-02-11 17:04:53,3.152s,PASSED
"setText(findTestObject(""Object Repository/Amazon_SignIn_OR/Page_Amazon Sign In/input_Forgot Password_password""), Password)",Firefox 122.0,,,2024-02-11 17:04:53,2024-02-11 17:04:54,0.781s,PASSED
"click(findTestObject(""Object Repository/Amazon_SignIn_OR/Page_Amazon Sign In/input_Enter your password_signInSubmit""))",Firefox 122.0,,,2024-02-11 17:04:54,2024-02-11 17:05:01,7.244s,PASSED
"click(findTestObject(""Object Repository/Amazon_SignIn_OR/Page_Online Shopping site in India Shop Onl_10c5f3/a_in""))",Firefox 122.0,,,2024-02-11 17:05:01,2024-02-11 17:05:08,6.247s,PASSED
Start listener action : sampleAfterTestCase,Firefox 122.0,,,2024-02-11 17:05:08,2024-02-11 17:05:08,0.000s,PASSED
Start listener action : sampleAfterTestCase,Firefox 122.0,,,2024-02-11 17:05:08,2024-02-11 17:05:08,0.000s,PASSED
