Suite/Test/Step Name,Browser,Description,Tag,Start time,End time,Duration,Status
Amazon_SignIn_TS,Firefox 122.0,,,2024-02-11 16:58:08,2024-02-11 16:59:04,55.926s,PASSED
,,,,,,,
Test Cases/Amazon_SignIn_TC_002,Firefox 122.0,sign in,SignIn,2024-02-11 16:58:08,2024-02-11 16:59:04,55.521s,PASSED
Start listener action : sampleBeforeTestCase,Firefox 122.0,,,2024-02-11 16:58:08,2024-02-11 16:58:14,5.148s,PASSED
Start listener action : sampleBeforeTestCase,Firefox 122.0,,,2024-02-11 16:58:14,2024-02-11 16:58:20,6.670s,PASSED
"openBrowser("""")",Firefox 122.0,,,2024-02-11 16:58:21,2024-02-11 16:58:27,6.158s,PASSED
"navigateToUrl(""https://www.amazon.in/"")",Firefox 122.0,,,2024-02-11 16:58:27,2024-02-11 16:58:38,11.255s,PASSED
"click(findTestObject(""Object Repository/Amazon_SignIn_OR/Page_Online Shopping site in India Shop Onl_10c5f3/span_Hello, sign in""))",Firefox 122.0,,,2024-02-11 16:58:38,2024-02-11 16:58:42,3.737s,PASSED
"verifyCheckpoint(findCheckpoint(""Checkpoints/AmazonSigin_CheckPoint""), true)",Firefox 122.0,,,2024-02-11 16:58:42,2024-02-11 16:58:43,1.338s,PASSED
"setText(findTestObject(""Object Repository/Amazon_SignIn_OR/Page_Amazon Sign In/input_Email or mobile phone number_email""), UserID)",Firefox 122.0,,,2024-02-11 16:58:43,2024-02-11 16:58:46,2.484s,PASSED
"click(findTestObject(""Object Repository/Amazon_SignIn_OR/Page_Amazon Sign In/input_Enter your email or mobile phone numb_fc7402""))",Firefox 122.0,,,2024-02-11 16:58:46,2024-02-11 16:58:51,5.005s,PASSED
"setText(findTestObject(""Object Repository/Amazon_SignIn_OR/Page_Amazon Sign In/input_Forgot Password_password""), Password)",Firefox 122.0,,,2024-02-11 16:58:51,2024-02-11 16:58:52,0.934s,PASSED
"click(findTestObject(""Object Repository/Amazon_SignIn_OR/Page_Amazon Sign In/input_Enter your password_signInSubmit""))",Firefox 122.0,,,2024-02-11 16:58:52,2024-02-11 16:58:57,5.699s,PASSED
"click(findTestObject(""Object Repository/Amazon_SignIn_OR/Page_Online Shopping site in India Shop Onl_10c5f3/a_in""))",Firefox 122.0,,,2024-02-11 16:58:57,2024-02-11 16:59:04,6.548s,PASSED
Start listener action : sampleAfterTestCase,Firefox 122.0,,,2024-02-11 16:59:04,2024-02-11 16:59:04,0.000s,PASSED
Start listener action : sampleAfterTestCase,Firefox 122.0,,,2024-02-11 16:59:04,2024-02-11 16:59:04,0.000s,PASSED
