Suite/Test/Step Name,Browser,Description,Tag,Start time,End time,Duration,Status
Amazon_singp_Excle_TestSuite,,,,2024-02-08 18:04:17,2024-02-08 18:04:22,5.905s,FAILED
,,,,,,,
Test Cases/Amazon_SignUp_TC_001,,user register into new account,Singup,2024-02-08 18:04:17,2024-02-08 18:04:20,3.263s,FAILED
Start listener action : sampleBeforeTestCase,,,,2024-02-08 18:04:17,2024-02-08 18:04:19,1.964s,ERROR
"openBrowser("""")",,,,2024-02-08 18:04:19,2024-02-08 18:04:20,1.120s,FAILED
Start listener action : sampleAfterTestCase,,,,2024-02-08 18:04:20,2024-02-08 18:04:20,0.000s,PASSED
,,,,,,,
Test Cases/Amazon_SignUp_TC_001,,user register into new account,Singup,2024-02-08 18:04:20,2024-02-08 18:04:22,2.362s,FAILED
Start listener action : sampleBeforeTestCase,,,,2024-02-08 18:04:20,2024-02-08 18:04:21,1.242s,ERROR
"openBrowser("""")",,,,2024-02-08 18:04:21,2024-02-08 18:04:22,1.106s,FAILED
Start listener action : sampleAfterTestCase,,,,2024-02-08 18:04:22,2024-02-08 18:04:22,0.000s,PASSED
