Suite/Test/Step Name,Browser,Description,Tag,Start time,End time,Duration,Status
Amazon_SignIn_TS,,,,2024-02-11 16:16:07,2024-02-11 16:16:15,7.835s,FAILED
,,,,,,,
Test Cases/Amazon_SignIn_TC_002,,sign in,SignIn,2024-02-11 16:16:07,2024-02-11 16:16:15,7.490s,FAILED
Start listener action : sampleBeforeTestCase,,,,2024-02-11 16:16:08,2024-02-11 16:16:11,3.722s,ERROR
Start listener action : sampleBeforeTestCase,,,,2024-02-11 16:16:11,2024-02-11 16:16:13,1.636s,ERROR
"openBrowser("""")",,,,2024-02-11 16:16:14,2024-02-11 16:16:15,1.451s,FAILED
Start listener action : sampleAfterTestCase,,,,2024-02-11 16:16:15,2024-02-11 16:16:15,0.001s,PASSED
Start listener action : sampleAfterTestCase,,,,2024-02-11 16:16:15,2024-02-11 16:16:15,0.001s,PASSED
