Suite/Test/Step Name,Browser,Description,Tag,Start time,End time,Duration,Status
Amazon_singp_Excle_TestSuite,Edge Chromium 120,,,2024-02-08 16:34:05,2024-02-08 16:35:38,1m - 32.244s,PASSED
,,,,,,,
Test Cases/Amazon_SignUp_TC_001,Edge Chromium 120,user register into new account,Singup,2024-02-08 16:34:06,2024-02-08 16:34:30,24.354s,PASSED
"openBrowser("""")",Edge Chromium 120,,,2024-02-08 16:34:06,2024-02-08 16:34:08,2.026s,PASSED
"navigateToUrl(""https://www.amazon.com/"")",Edge Chromium 120,,,2024-02-08 16:34:08,2024-02-08 16:34:14,6.306s,PASSED
"click(findTestObject(""Object Repository/Amazon_SignUp_OR/Page_Amazon.com. Spend less. Smile more/span_Hello, sign in""))",Edge Chromium 120,,,2024-02-08 16:34:14,2024-02-08 16:34:21,6.258s,PASSED
"click(findTestObject(""Object Repository/Amazon_SignUp_OR/Page_Amazon Sign-In/a_Create your Amazon account""))",Edge Chromium 120,,,2024-02-08 16:34:21,2024-02-08 16:34:23,2.382s,PASSED
"setText(findTestObject(""Object Repository/Amazon_SignUp_OR/Page_Amazon Registration/input_Your name_customerName""), ""RaviSaiChowdary"")",Edge Chromium 120,,,2024-02-08 16:34:23,2024-02-08 16:34:25,1.596s,PASSED
"setText(findTestObject(""Object Repository/Amazon_SignUp_OR/Page_Amazon Registration/input_US 1_email""), userId)",Edge Chromium 120,,,2024-02-08 16:34:25,2024-02-08 16:34:26,0.863s,PASSED
"setText(findTestObject(""Object Repository/Amazon_SignUp_OR/Page_Amazon Registration/input_Password_password""), Password)",Edge Chromium 120,,,2024-02-08 16:34:26,2024-02-08 16:34:26,0.814s,PASSED
"setText(findTestObject(""Object Repository/Amazon_SignUp_OR/Page_Amazon Registration/input_Re-enter password_passwordCheck""), Confirm)",Edge Chromium 120,,,2024-02-08 16:34:26,2024-02-08 16:34:27,1.088s,PASSED
"click(findTestObject(""Object Repository/Amazon_SignUp_OR/Page_Amazon Registration/input_Passwords must match_continue""))",Edge Chromium 120,,,2024-02-08 16:34:27,2024-02-08 16:34:30,2.699s,PASSED
,,,,,,,
Test Cases/Amazon_SignUp_TC_001,Edge Chromium 120,user register into new account,Singup,2024-02-08 16:35:14,2024-02-08 16:35:38,23.806s,PASSED
"openBrowser("""")",Edge Chromium 120,,,2024-02-08 16:35:14,2024-02-08 16:35:16,1.889s,PASSED
"navigateToUrl(""https://www.amazon.com/"")",Edge Chromium 120,,,2024-02-08 16:35:16,2024-02-08 16:35:23,7.505s,PASSED
"click(findTestObject(""Object Repository/Amazon_SignUp_OR/Page_Amazon.com. Spend less. Smile more/span_Hello, sign in""))",Edge Chromium 120,,,2024-02-08 16:35:23,2024-02-08 16:35:28,4.527s,PASSED
"click(findTestObject(""Object Repository/Amazon_SignUp_OR/Page_Amazon Sign-In/a_Create your Amazon account""))",Edge Chromium 120,,,2024-02-08 16:35:28,2024-02-08 16:35:30,2.264s,PASSED
"setText(findTestObject(""Object Repository/Amazon_SignUp_OR/Page_Amazon Registration/input_Your name_customerName""), ""RaviSaiChowdary"")",Edge Chromium 120,,,2024-02-08 16:35:30,2024-02-08 16:35:32,1.705s,PASSED
"setText(findTestObject(""Object Repository/Amazon_SignUp_OR/Page_Amazon Registration/input_US 1_email""), userId)",Edge Chromium 120,,,2024-02-08 16:35:32,2024-02-08 16:35:33,1.037s,PASSED
"setText(findTestObject(""Object Repository/Amazon_SignUp_OR/Page_Amazon Registration/input_Password_password""), Password)",Edge Chromium 120,,,2024-02-08 16:35:33,2024-02-08 16:35:34,0.821s,PASSED
"setText(findTestObject(""Object Repository/Amazon_SignUp_OR/Page_Amazon Registration/input_Re-enter password_passwordCheck""), Confirm)",Edge Chromium 120,,,2024-02-08 16:35:34,2024-02-08 16:35:35,1.005s,PASSED
"click(findTestObject(""Object Repository/Amazon_SignUp_OR/Page_Amazon Registration/input_Passwords must match_continue""))",Edge Chromium 120,,,2024-02-08 16:35:35,2024-02-08 16:35:38,3.040s,PASSED
