Suite/Test/Step Name,Browser,Description,Tag,Start time,End time,Duration,Status
Amazon_SignIn_TS,Firefox 122.0,,,2024-02-11 17:13:09,2024-02-11 17:14:15,1m - 6.215s,PASSED
,,,,,,,
Test Cases/Amazon_SignIn_TC_002,Firefox 122.0,sign in,SignIn,2024-02-11 17:13:09,2024-02-11 17:14:15,1m - 5.799s,PASSED
Start listener action : sampleBeforeTestCase,Firefox 122.0,,,2024-02-11 17:13:09,2024-02-11 17:13:15,6.025s,PASSED
Start listener action : sampleBeforeTestCase,Firefox 122.0,,,2024-02-11 17:13:15,2024-02-11 17:13:23,7.417s,PASSED
"openBrowser("""")",Firefox 122.0,,,2024-02-11 17:13:25,2024-02-11 17:13:31,6.125s,PASSED
"navigateToUrl(""https://www.amazon.in/"")",Firefox 122.0,,,2024-02-11 17:13:31,2024-02-11 17:13:37,6.349s,PASSED
"click(findTestObject(""Object Repository/Amazon_SignIn_OR/Page_Online Shopping site in India Shop Onl_10c5f3/span_Hello, sign in""))",Firefox 122.0,,,2024-02-11 17:13:37,2024-02-11 17:13:44,6.506s,PASSED
"verifyCheckpoint(findCheckpoint(""Checkpoints/AmazonSigin_CheckPoint""), true)",Firefox 122.0,,,2024-02-11 17:13:44,2024-02-11 17:13:50,6.476s,PASSED
"setText(findTestObject(""Object Repository/Amazon_SignIn_OR/Page_Amazon Sign In/input_Email or mobile phone number_email""), UserID)",Firefox 122.0,,,2024-02-11 17:13:50,2024-02-11 17:13:51,1.039s,PASSED
"click(findTestObject(""Object Repository/Amazon_SignIn_OR/Page_Amazon Sign In/input_Enter your email or mobile phone numb_fc7402""))",Firefox 122.0,,,2024-02-11 17:13:51,2024-02-11 17:13:57,6.000s,PASSED
"setText(findTestObject(""Object Repository/Amazon_SignIn_OR/Page_Amazon Sign In/input_Forgot Password_password""), Password)",Firefox 122.0,,,2024-02-11 17:13:57,2024-02-11 17:14:03,5.639s,PASSED
"click(findTestObject(""Object Repository/Amazon_SignIn_OR/Page_Amazon Sign In/input_Enter your password_signInSubmit""))",Firefox 122.0,,,2024-02-11 17:14:03,2024-02-11 17:14:11,8.584s,PASSED
"click(findTestObject(""Object Repository/Amazon_SignIn_OR/Page_Online Shopping site in India Shop Onl_10c5f3/a_in""))",Firefox 122.0,,,2024-02-11 17:14:11,2024-02-11 17:14:15,3.849s,PASSED
Start listener action : sampleAfterTestCase,Firefox 122.0,,,2024-02-11 17:14:15,2024-02-11 17:14:15,0.001s,PASSED
Start listener action : sampleAfterTestCase,Firefox 122.0,,,2024-02-11 17:14:15,2024-02-11 17:14:15,0.000s,PASSED
