Suite/Test/Step Name,Browser,Description,Tag,Start time,End time,Duration,Status
Amazon_TestSuite_Excel,Edge Chromium 120,Sigin with excel data,,2024-02-08 19:26:25,2024-02-08 19:30:03,3m - 37.605s,PASSED
,,,,,,,
Test Cases/Amazon_SignIn_TC_002,Edge Chromium 120,sign in,SignIn,2024-02-08 19:26:26,2024-02-08 19:28:37,2m - 11.064s,PASSED
Start listener action : sampleBeforeTestCase,Edge Chromium 120,,,2024-02-08 19:26:26,2024-02-08 19:26:32,5.799s,PASSED
"openBrowser("""")",Edge Chromium 120,,,2024-02-08 19:26:32,2024-02-08 19:26:34,2.214s,PASSED
"navigateToUrl(""https://www.amazon.in/"")",Edge Chromium 120,,,2024-02-08 19:26:34,2024-02-08 19:27:38,1m - 3.466s,PASSED
"click(findTestObject(""Object Repository/Amazon_SignIn_OR/Page_Online Shopping site in India Shop Onl_10c5f3/span_Hello, sign in""))",Edge Chromium 120,,,2024-02-08 19:27:38,2024-02-08 19:27:47,8.642s,PASSED
"setText(findTestObject(""Object Repository/Amazon_SignIn_OR/Page_Amazon Sign In/input_Email or mobile phone number_email""), UserID)",Edge Chromium 120,,,2024-02-08 19:27:47,2024-02-08 19:27:50,3.296s,PASSED
"click(findTestObject(""Object Repository/Amazon_SignIn_OR/Page_Amazon Sign In/input_Enter your email or mobile phone numb_fc7402""))",Edge Chromium 120,,,2024-02-08 19:27:50,2024-02-08 19:27:56,6.514s,PASSED
"setText(findTestObject(""Object Repository/Amazon_SignIn_OR/Page_Amazon Sign In/input_Forgot Password_password""), Password)",Edge Chromium 120,,,2024-02-08 19:27:56,2024-02-08 19:27:57,0.954s,PASSED
"click(findTestObject(""Object Repository/Amazon_SignIn_OR/Page_Amazon Sign In/input_Enter your password_signInSubmit""))",Edge Chromium 120,,,2024-02-08 19:27:57,2024-02-08 19:27:58,0.560s,PASSED
"click(findTestObject(""Object Repository/Amazon_SignIn_OR/Page_Online Shopping site in India Shop Onl_10c5f3/a_in""))",Edge Chromium 120,,,2024-02-08 19:27:58,2024-02-08 19:28:36,37.899s,PASSED
closeBrowser(),Edge Chromium 120,,,2024-02-08 19:28:36,2024-02-08 19:28:37,0.931s,PASSED
Start listener action : sampleAfterTestCase,Edge Chromium 120,,,2024-02-08 19:28:37,2024-02-08 19:28:37,0.001s,PASSED
,,,,,,,
Test Cases/Amazon_SignIn_TC_002,Edge Chromium 120,sign in,SignIn,2024-02-08 19:28:37,2024-02-08 19:30:03,1m - 26.080s,PASSED
Start listener action : sampleBeforeTestCase,Edge Chromium 120,,,2024-02-08 19:28:37,2024-02-08 19:29:07,30.195s,PASSED
"openBrowser("""")",Edge Chromium 120,,,2024-02-08 19:29:07,2024-02-08 19:29:09,2.150s,PASSED
"navigateToUrl(""https://www.amazon.in/"")",Edge Chromium 120,,,2024-02-08 19:29:09,2024-02-08 19:29:22,12.631s,PASSED
"click(findTestObject(""Object Repository/Amazon_SignIn_OR/Page_Online Shopping site in India Shop Onl_10c5f3/span_Hello, sign in""))",Edge Chromium 120,,,2024-02-08 19:29:22,2024-02-08 19:29:26,4.269s,PASSED
"setText(findTestObject(""Object Repository/Amazon_SignIn_OR/Page_Amazon Sign In/input_Email or mobile phone number_email""), UserID)",Edge Chromium 120,,,2024-02-08 19:29:26,2024-02-08 19:29:29,2.873s,PASSED
"click(findTestObject(""Object Repository/Amazon_SignIn_OR/Page_Amazon Sign In/input_Enter your email or mobile phone numb_fc7402""))",Edge Chromium 120,,,2024-02-08 19:29:29,2024-02-08 19:29:32,2.906s,PASSED
"setText(findTestObject(""Object Repository/Amazon_SignIn_OR/Page_Amazon Sign In/input_Forgot Password_password""), Password)",Edge Chromium 120,,,2024-02-08 19:29:32,2024-02-08 19:29:33,1.476s,PASSED
"click(findTestObject(""Object Repository/Amazon_SignIn_OR/Page_Amazon Sign In/input_Enter your password_signInSubmit""))",Edge Chromium 120,,,2024-02-08 19:29:33,2024-02-08 19:29:34,0.539s,PASSED
"click(findTestObject(""Object Repository/Amazon_SignIn_OR/Page_Online Shopping site in India Shop Onl_10c5f3/a_in""))",Edge Chromium 120,,,2024-02-08 19:29:34,2024-02-08 19:30:02,28.057s,PASSED
closeBrowser(),Edge Chromium 120,,,2024-02-08 19:30:02,2024-02-08 19:30:03,0.964s,PASSED
Start listener action : sampleAfterTestCase,Edge Chromium 120,,,2024-02-08 19:30:03,2024-02-08 19:30:03,0.001s,PASSED
