Suite/Test/Step Name,Browser,Description,Tag,Start time,End time,Duration,Status
Amazon_SignIn_TS,Firefox 122.0,,,2024-02-08 18:56:21,2024-02-08 18:57:20,58.256s,PASSED
,,,,,,,
Test Cases/Amazon_SignIn_TC_002,Firefox 122.0,sign in,SignIn,2024-02-08 18:56:22,2024-02-08 18:57:20,57.831s,PASSED
Start listener action : sampleBeforeTestCase,Firefox 122.0,,,2024-02-08 18:56:22,2024-02-08 18:56:37,15.429s,PASSED
"openBrowser("""")",Firefox 122.0,,,2024-02-08 18:56:38,2024-02-08 18:56:44,5.454s,PASSED
"navigateToUrl(""https://www.amazon.in/"")",Firefox 122.0,,,2024-02-08 18:56:44,2024-02-08 18:56:53,9.199s,PASSED
"click(findTestObject(""Object Repository/Amazon_SignIn_OR/Page_Online Shopping site in India Shop Onl_10c5f3/span_Hello, sign in""))",Firefox 122.0,,,2024-02-08 18:56:53,2024-02-08 18:57:00,6.979s,PASSED
"setText(findTestObject(""Object Repository/Amazon_SignIn_OR/Page_Amazon Sign In/input_Email or mobile phone number_email""), UserID)",Firefox 122.0,,,2024-02-08 18:57:00,2024-02-08 18:57:04,3.900s,PASSED
"click(findTestObject(""Object Repository/Amazon_SignIn_OR/Page_Amazon Sign In/input_Enter your email or mobile phone numb_fc7402""))",Firefox 122.0,,,2024-02-08 18:57:04,2024-02-08 18:57:06,2.630s,PASSED
"setText(findTestObject(""Object Repository/Amazon_SignIn_OR/Page_Amazon Sign In/input_Forgot Password_password""), Password)",Firefox 122.0,,,2024-02-08 18:57:06,2024-02-08 18:57:07,0.878s,PASSED
"click(findTestObject(""Object Repository/Amazon_SignIn_OR/Page_Amazon Sign In/input_Enter your password_signInSubmit""))",Firefox 122.0,,,2024-02-08 18:57:07,2024-02-08 18:57:13,5.991s,PASSED
"click(findTestObject(""Object Repository/Amazon_SignIn_OR/Page_Online Shopping site in India Shop Onl_10c5f3/a_in""))",Firefox 122.0,,,2024-02-08 18:57:13,2024-02-08 18:57:18,4.865s,PASSED
closeBrowser(),Firefox 122.0,,,2024-02-08 18:57:18,2024-02-08 18:57:20,1.578s,PASSED
Start listener action : sampleAfterTestCase,Firefox 122.0,,,2024-02-08 18:57:20,2024-02-08 18:57:20,0.000s,PASSED
