Suite/Test/Step Name,Browser,Description,Tag,Start time,End time,Duration,Status
Amazon_Footer_TS,Chrome 121.0.0.0,,,2024-02-12 08:37:46,2024-02-12 08:39:04,1m - 17.907s,FAILED
,,,,,,,
Test Cases/Amazon_Footer_TC_005,Chrome 121.0.0.0,,,2024-02-12 08:38:57,2024-02-12 08:39:04,6.747s,FAILED
Start listener action : sampleBeforeTestCase,Chrome 121.0.0.0,,,2024-02-12 08:38:57,2024-02-12 08:38:59,1.939s,PASSED
Start listener action : sampleBeforeTestCase,Chrome 121.0.0.0,,,2024-02-12 08:38:59,2024-02-12 08:39:01,1.975s,PASSED
"openBrowser("""")",Chrome 121.0.0.0,,,2024-02-12 08:39:01,2024-02-12 08:39:03,2.305s,PASSED
"navigateToUrl(""www.amazon.in"")",Chrome 121.0.0.0,,,2024-02-12 08:39:03,2024-02-12 08:39:04,0.489s,FAILED
Start listener action : sampleAfterTestCase,Chrome 121.0.0.0,,,2024-02-12 08:39:04,2024-02-12 08:39:04,0.000s,PASSED
Start listener action : sampleAfterTestCase,Chrome 121.0.0.0,,,2024-02-12 08:39:04,2024-02-12 08:39:04,0.000s,PASSED
