Suite/Test/Step Name,Browser,Description,Tag,Start time,End time,Duration,Status
Amazon_SignIn_TS,Edge Chromium 120,,,2024-02-08 18:51:00,2024-02-08 18:52:38,1m - 38.484s,PASSED
,,,,,,,
Test Cases/Amazon_SignIn_TC_002,Edge Chromium 120,sign in,SignIn,2024-02-08 18:51:00,2024-02-08 18:52:38,1m - 38.090s,PASSED
Start listener action : sampleBeforeTestCase,Edge Chromium 120,,,2024-02-08 18:51:00,2024-02-08 18:51:26,25.796s,PASSED
"openBrowser("""")",Edge Chromium 120,,,2024-02-08 18:51:27,2024-02-08 18:51:29,2.217s,PASSED
"navigateToUrl(""https://www.amazon.in/"")",Edge Chromium 120,,,2024-02-08 18:51:29,2024-02-08 18:51:56,27.017s,PASSED
"click(findTestObject(""Object Repository/Amazon_SignIn_OR/Page_Online Shopping site in India Shop Onl_10c5f3/span_Hello, sign in""))",Edge Chromium 120,,,2024-02-08 18:51:56,2024-02-08 18:52:09,13.151s,PASSED
"setText(findTestObject(""Object Repository/Amazon_SignIn_OR/Page_Amazon Sign In/input_Email or mobile phone number_email""), UserID)",Edge Chromium 120,,,2024-02-08 18:52:09,2024-02-08 18:52:14,4.392s,PASSED
"click(findTestObject(""Object Repository/Amazon_SignIn_OR/Page_Amazon Sign In/input_Enter your email or mobile phone numb_fc7402""))",Edge Chromium 120,,,2024-02-08 18:52:14,2024-02-08 18:52:20,6.483s,PASSED
"setText(findTestObject(""Object Repository/Amazon_SignIn_OR/Page_Amazon Sign In/input_Forgot Password_password""), Password)",Edge Chromium 120,,,2024-02-08 18:52:20,2024-02-08 18:52:21,1.048s,PASSED
"click(findTestObject(""Object Repository/Amazon_SignIn_OR/Page_Amazon Sign In/input_Enter your password_signInSubmit""))",Edge Chromium 120,,,2024-02-08 18:52:21,2024-02-08 18:52:22,0.566s,PASSED
"click(findTestObject(""Object Repository/Amazon_SignIn_OR/Page_Online Shopping site in India Shop Onl_10c5f3/a_in""))",Edge Chromium 120,,,2024-02-08 18:52:22,2024-02-08 18:52:37,15.644s,PASSED
closeBrowser(),Edge Chromium 120,,,2024-02-08 18:52:37,2024-02-08 18:52:38,0.871s,PASSED
Start listener action : sampleAfterTestCase,Edge Chromium 120,,,2024-02-08 18:52:38,2024-02-08 18:52:38,0.003s,PASSED
