Suite/Test/Step Name,Browser,Description,Tag,Start time,End time,Duration,Status
Amazon_Footer_TS,Chrome 121.0.0.0,,,2024-02-12 08:40:16,2024-02-12 08:40:45,28.439s,FAILED
,,,,,,,
Test Cases/Amazon_Footer_TC_005,Chrome 121.0.0.0,,,2024-02-12 08:40:38,2024-02-12 08:40:45,6.443s,FAILED
Start listener action : sampleBeforeTestCase,Chrome 121.0.0.0,,,2024-02-12 08:40:38,2024-02-12 08:40:40,1.945s,PASSED
Start listener action : sampleBeforeTestCase,Chrome 121.0.0.0,,,2024-02-12 08:40:40,2024-02-12 08:40:42,2.042s,PASSED
"openBrowser("""")",Chrome 121.0.0.0,,,2024-02-12 08:40:42,2024-02-12 08:40:44,2.051s,PASSED
"navigateToUrl(""www.amazon.in"")",Chrome 121.0.0.0,,,2024-02-12 08:40:44,2024-02-12 08:40:45,0.381s,FAILED
Start listener action : sampleAfterTestCase,Chrome 121.0.0.0,,,2024-02-12 08:40:45,2024-02-12 08:40:45,0.001s,PASSED
Start listener action : sampleAfterTestCase,Chrome 121.0.0.0,,,2024-02-12 08:40:45,2024-02-12 08:40:45,0.001s,PASSED
