Suite/Test/Step Name,Browser,Description,Tag,Start time,End time,Duration,Status
Amazon_Cart_TS,Firefox 122.0,,,2024-02-12 06:46:37,2024-02-12 06:49:16,2m - 39.208s,PASSED
,,,,,,,
Test Cases/Amazon_Cart_TC_004,Firefox 122.0,Amazon add to cart function,Cart,2024-02-12 06:47:11,2024-02-12 06:49:16,2m - 5.953s,PASSED
Start listener action : sampleBeforeTestCase,Firefox 122.0,,,2024-02-12 06:47:11,2024-02-12 06:47:16,5.308s,PASSED
Start listener action : sampleBeforeTestCase,Firefox 122.0,,,2024-02-12 06:47:16,2024-02-12 06:47:21,4.536s,PASSED
"openBrowser("""")",Firefox 122.0,,,2024-02-12 06:47:21,2024-02-12 06:47:25,4.856s,PASSED
"navigateToUrl(""https://www.amazon.in/"")",Firefox 122.0,,,2024-02-12 06:47:25,2024-02-12 06:47:41,16.040s,PASSED
"if (verifyElementPresent(findTestObject(""Object Repository/Amazon_Cart_OR/Page_Online Shopping site in India Shop Onl_10c5f3/span_Hello, sign in""), 10, OPTIONAL))",Firefox 122.0,,,2024-02-12 06:47:41,2024-02-12 06:48:11,29.467s,PASSED
"setText(findTestObject(""Object Repository/Amazon_Cart_OR/Page_Online Shopping site in India Shop Onl_10c5f3/input_Search Amazon.in_field-keywords""), searchItem1)",Firefox 122.0,,,2024-02-12 06:48:11,2024-02-12 06:48:12,1.534s,PASSED
"click(findTestObject(""Object Repository/Amazon_Cart_OR/Page_Online Shopping site in India Shop Onl_10c5f3/input_Search Amazon.in_nav-search-submit-button""))",Firefox 122.0,,,2024-02-12 06:48:12,2024-02-12 06:48:19,6.523s,PASSED
"click(findTestObject(""Object Repository/Amazon_Cart_OR/Page_Amazon.in  da vinci code/span_The Da Vinci Code (Abridged Edition) P_4896eb""))",Firefox 122.0,,,2024-02-12 06:48:19,2024-02-12 06:48:20,1.259s,PASSED
"switchToWindowTitle(""The Da Vinci Code (Abridged Edition) [Paperback] Brown, Dan : BROWN DAN: Amazon.in: Books"")",Firefox 122.0,,,2024-02-12 06:48:20,2024-02-12 06:48:22,1.815s,PASSED
"click(findTestObject(""Object Repository/Amazon_Cart_OR/Page_The Da Vinci Code (Abridged Edition) P_54f610/input_Quantity_submit.add-to-cart""))",Firefox 122.0,,,2024-02-12 06:48:22,2024-02-12 06:48:27,4.534s,PASSED
"setText(findTestObject(""Amazon_Cart_Results_OR/Amazon_Search_Page/input_Search Amazon.in_field-keywords""), searchitem2)",Firefox 122.0,,,2024-02-12 06:48:27,2024-02-12 06:48:36,9.037s,PASSED
"click(findTestObject(""Amazon_Cart_Results_OR/Amazon_Search_Page/input_Search Amazon.in_nav-search-submit-button""))",Firefox 122.0,,,2024-02-12 06:48:36,2024-02-12 06:48:39,3.484s,PASSED
"click(findTestObject(""Amazon_Cart_Results_OR/Page_Amazon.in  moto razr 40/span_Motorola razr 40""))",Firefox 122.0,,,2024-02-12 06:48:39,2024-02-12 06:48:40,1.366s,PASSED
switchToWindowIndex(2),Firefox 122.0,,,2024-02-12 06:48:40,2024-02-12 06:48:41,0.047s,PASSED
"click(findTestObject(""Amazon_Cart_Results_OR/Page_Motorola razr 40/Add_to _Cart""))",Firefox 122.0,,,2024-02-12 06:48:41,2024-02-12 06:49:01,20.686s,PASSED
"click(findTestObject(""Amazon_Cart_Results_OR/Motorola razr 40_close/a-page_close""))",Firefox 122.0,,,2024-02-12 06:49:01,2024-02-12 06:49:11,9.842s,PASSED
delay(4),Firefox 122.0,,,2024-02-12 06:49:11,2024-02-12 06:49:15,4.022s,PASSED
closeBrowser(),Firefox 122.0,,,2024-02-12 06:49:15,2024-02-12 06:49:16,1.420s,PASSED
Start listener action : sampleAfterTestCase,Firefox 122.0,,,2024-02-12 06:49:16,2024-02-12 06:49:16,0.000s,PASSED
Start listener action : sampleAfterTestCase,Firefox 122.0,,,2024-02-12 06:49:16,2024-02-12 06:49:16,0.000s,PASSED
