Suite/Test/Step Name,Browser,Description,Tag,Start time,End time,Duration,Status
Amazon_Cart_TS,Edge Chromium 120,,,2024-02-12 06:49:47,2024-02-12 06:51:12,1m - 24.647s,PASSED
,,,,,,,
Test Cases/Amazon_Cart_TC_004,Edge Chromium 120,Amazon add to cart function,Cart,2024-02-12 06:49:48,2024-02-12 06:51:12,1m - 24.239s,PASSED
Start listener action : sampleBeforeTestCase,Edge Chromium 120,,,2024-02-12 06:49:48,2024-02-12 06:49:53,4.984s,PASSED
Start listener action : sampleBeforeTestCase,Edge Chromium 120,,,2024-02-12 06:49:53,2024-02-12 06:49:57,4.388s,PASSED
"openBrowser("""")",Edge Chromium 120,,,2024-02-12 06:49:58,2024-02-12 06:50:02,3.858s,PASSED
"navigateToUrl(""https://www.amazon.in/"")",Edge Chromium 120,,,2024-02-12 06:50:02,2024-02-12 06:50:04,2.690s,PASSED
"if (verifyElementPresent(findTestObject(""Object Repository/Amazon_Cart_OR/Page_Online Shopping site in India Shop Onl_10c5f3/span_Hello, sign in""), 10, OPTIONAL))",Edge Chromium 120,,,2024-02-12 06:50:04,2024-02-12 06:50:17,12.179s,PASSED
"setText(findTestObject(""Object Repository/Amazon_Cart_OR/Page_Online Shopping site in India Shop Onl_10c5f3/input_Search Amazon.in_field-keywords""), searchItem1)",Edge Chromium 120,,,2024-02-12 06:50:17,2024-02-12 06:50:22,5.855s,PASSED
"click(findTestObject(""Object Repository/Amazon_Cart_OR/Page_Online Shopping site in India Shop Onl_10c5f3/input_Search Amazon.in_nav-search-submit-button""))",Edge Chromium 120,,,2024-02-12 06:50:22,2024-02-12 06:50:26,3.562s,PASSED
"click(findTestObject(""Object Repository/Amazon_Cart_OR/Page_Amazon.in  da vinci code/span_The Da Vinci Code (Abridged Edition) P_4896eb""))",Edge Chromium 120,,,2024-02-12 06:50:26,2024-02-12 06:50:27,1.100s,PASSED
"switchToWindowTitle(""The Da Vinci Code (Abridged Edition) [Paperback] Brown, Dan : BROWN DAN: Amazon.in: Books"")",Edge Chromium 120,,,2024-02-12 06:50:27,2024-02-12 06:50:33,5.865s,PASSED
"click(findTestObject(""Object Repository/Amazon_Cart_OR/Page_The Da Vinci Code (Abridged Edition) P_54f610/input_Quantity_submit.add-to-cart""))",Edge Chromium 120,,,2024-02-12 06:50:33,2024-02-12 06:50:38,5.190s,PASSED
"setText(findTestObject(""Amazon_Cart_Results_OR/Amazon_Search_Page/input_Search Amazon.in_field-keywords""), searchitem2)",Edge Chromium 120,,,2024-02-12 06:50:38,2024-02-12 06:50:41,2.987s,PASSED
"click(findTestObject(""Amazon_Cart_Results_OR/Amazon_Search_Page/input_Search Amazon.in_nav-search-submit-button""))",Edge Chromium 120,,,2024-02-12 06:50:41,2024-02-12 06:50:47,5.638s,PASSED
"click(findTestObject(""Amazon_Cart_Results_OR/Page_Amazon.in  moto razr 40/span_Motorola razr 40""))",Edge Chromium 120,,,2024-02-12 06:50:47,2024-02-12 06:50:49,2.367s,PASSED
switchToWindowIndex(2),Edge Chromium 120,,,2024-02-12 06:50:49,2024-02-12 06:50:49,0.053s,PASSED
"click(findTestObject(""Amazon_Cart_Results_OR/Page_Motorola razr 40/Add_to _Cart""))",Edge Chromium 120,,,2024-02-12 06:50:49,2024-02-12 06:51:02,13.207s,PASSED
"click(findTestObject(""Amazon_Cart_Results_OR/Motorola razr 40_close/a-page_close""))",Edge Chromium 120,,,2024-02-12 06:51:02,2024-02-12 06:51:07,4.355s,PASSED
delay(4),Edge Chromium 120,,,2024-02-12 06:51:07,2024-02-12 06:51:11,4.032s,PASSED
closeBrowser(),Edge Chromium 120,,,2024-02-12 06:51:11,2024-02-12 06:51:12,1.088s,PASSED
Start listener action : sampleAfterTestCase,Edge Chromium 120,,,2024-02-12 06:51:12,2024-02-12 06:51:12,0.000s,PASSED
Start listener action : sampleAfterTestCase,Edge Chromium 120,,,2024-02-12 06:51:12,2024-02-12 06:51:12,0.004s,PASSED
