Suite/Test/Step Name,Browser,Description,Tag,Start time,End time,Duration,Status
Amazon_Search_TS,Edge Chromium 120,,,2024-02-12 04:36:58,2024-02-12 05:15:35,38m - 36.838s,PASSED
,,,,,,,
Test Cases/Amazon_Search_TC_003,Edge Chromium 120,Search item in amazon,search,2024-02-12 04:36:59,2024-02-12 04:38:01,1m - 2.193s,PASSED
Start listener action : sampleBeforeTestCase,Edge Chromium 120,,,2024-02-12 04:36:59,2024-02-12 04:37:04,4.626s,PASSED
Start listener action : sampleBeforeTestCase,Edge Chromium 120,,,2024-02-12 04:37:04,2024-02-12 04:37:08,3.967s,PASSED
"openBrowser(""www.amazon.in"")",Edge Chromium 120,,,2024-02-12 04:37:08,2024-02-12 04:37:24,15.778s,PASSED
"if (verifyElementPresent(findTestObject(""Object Repository/Amazon_SignIn_OR/Page_Online Shopping site in India Shop Onl_10c5f3/span_Hello, sign in""), 10, OPTIONAL))",Edge Chromium 120,,,2024-02-12 04:37:24,2024-02-12 04:37:38,13.651s,PASSED
delay(10),Edge Chromium 120,,,2024-02-12 04:37:38,2024-02-12 04:37:48,10.027s,PASSED
"selectOptionByValue(findTestObject(""Object Repository/Amazon_Search_OR/Page_Online Shopping site in India Shop Onl_10c5f3/select_All Categories        Alexa Skills  _a62561""), Value, true)",Edge Chromium 120,,,2024-02-12 04:37:48,2024-02-12 04:37:53,5.371s,PASSED
"setText(findTestObject(""Object Repository/Amazon_Search_OR/Page_Online Shopping site in India Shop Onl_10c5f3/input_Search Amazon.in_field-keywords""), searchItem)",Edge Chromium 120,,,2024-02-12 04:37:53,2024-02-12 04:37:54,1.039s,PASSED
"click(findTestObject(""Object Repository/Amazon_Search_OR/Page_Online Shopping site in India Shop Onl_10c5f3/input_Search Amazon.in_nav-search-submit-button""))",Edge Chromium 120,,,2024-02-12 04:37:54,2024-02-12 04:38:01,6.717s,PASSED
Start listener action : sampleAfterTestCase,Edge Chromium 120,,,2024-02-12 04:38:01,2024-02-12 04:38:01,0.001s,PASSED
Start listener action : sampleAfterTestCase,Edge Chromium 120,,,2024-02-12 04:38:01,2024-02-12 04:38:01,0.000s,PASSED
,,,,,,,
Test Cases/Amazon_Search_TC_003,Edge Chromium 120,Search item in amazon,search,2024-02-12 04:38:01,2024-02-12 04:38:53,52.118s,PASSED
Start listener action : sampleBeforeTestCase,Edge Chromium 120,,,2024-02-12 04:38:01,2024-02-12 04:38:05,3.991s,PASSED
Start listener action : sampleBeforeTestCase,Edge Chromium 120,,,2024-02-12 04:38:05,2024-02-12 04:38:09,3.869s,PASSED
"openBrowser(""www.amazon.in"")",Edge Chromium 120,,,2024-02-12 04:38:09,2024-02-12 04:38:21,11.605s,PASSED
"if (verifyElementPresent(findTestObject(""Object Repository/Amazon_SignIn_OR/Page_Online Shopping site in India Shop Onl_10c5f3/span_Hello, sign in""), 10, OPTIONAL))",Edge Chromium 120,,,2024-02-12 04:38:21,2024-02-12 04:38:34,13.690s,PASSED
delay(10),Edge Chromium 120,,,2024-02-12 04:38:34,2024-02-12 04:38:44,10.011s,PASSED
"selectOptionByValue(findTestObject(""Object Repository/Amazon_Search_OR/Page_Online Shopping site in India Shop Onl_10c5f3/select_All Categories        Alexa Skills  _a62561""), Value, true)",Edge Chromium 120,,,2024-02-12 04:38:44,2024-02-12 04:38:47,2.808s,PASSED
"setText(findTestObject(""Object Repository/Amazon_Search_OR/Page_Online Shopping site in India Shop Onl_10c5f3/input_Search Amazon.in_field-keywords""), searchItem)",Edge Chromium 120,,,2024-02-12 04:38:47,2024-02-12 04:38:49,1.716s,PASSED
"click(findTestObject(""Object Repository/Amazon_Search_OR/Page_Online Shopping site in India Shop Onl_10c5f3/input_Search Amazon.in_nav-search-submit-button""))",Edge Chromium 120,,,2024-02-12 04:38:49,2024-02-12 04:38:53,4.411s,PASSED
Start listener action : sampleAfterTestCase,Edge Chromium 120,,,2024-02-12 04:38:53,2024-02-12 04:38:53,0.001s,PASSED
Start listener action : sampleAfterTestCase,Edge Chromium 120,,,2024-02-12 04:38:53,2024-02-12 04:38:53,0.000s,PASSED
,,,,,,,
Test Cases/Amazon_Search_TC_003,Edge Chromium 120,Search item in amazon,search,2024-02-12 04:38:53,2024-02-12 04:39:49,55.830s,PASSED
Start listener action : sampleBeforeTestCase,Edge Chromium 120,,,2024-02-12 04:38:53,2024-02-12 04:38:57,4.061s,PASSED
Start listener action : sampleBeforeTestCase,Edge Chromium 120,,,2024-02-12 04:38:57,2024-02-12 04:39:01,3.834s,PASSED
"openBrowser(""www.amazon.in"")",Edge Chromium 120,,,2024-02-12 04:39:01,2024-02-12 04:39:13,12.220s,PASSED
"if (verifyElementPresent(findTestObject(""Object Repository/Amazon_SignIn_OR/Page_Online Shopping site in India Shop Onl_10c5f3/span_Hello, sign in""), 10, OPTIONAL))",Edge Chromium 120,,,2024-02-12 04:39:13,2024-02-12 04:39:26,12.916s,PASSED
delay(10),Edge Chromium 120,,,2024-02-12 04:39:26,2024-02-12 04:39:36,10.012s,PASSED
"selectOptionByValue(findTestObject(""Object Repository/Amazon_Search_OR/Page_Online Shopping site in India Shop Onl_10c5f3/select_All Categories        Alexa Skills  _a62561""), Value, true)",Edge Chromium 120,,,2024-02-12 04:39:36,2024-02-12 04:39:39,2.359s,PASSED
"setText(findTestObject(""Object Repository/Amazon_Search_OR/Page_Online Shopping site in India Shop Onl_10c5f3/input_Search Amazon.in_field-keywords""), searchItem)",Edge Chromium 120,,,2024-02-12 04:39:39,2024-02-12 04:39:40,1.007s,PASSED
"click(findTestObject(""Object Repository/Amazon_Search_OR/Page_Online Shopping site in India Shop Onl_10c5f3/input_Search Amazon.in_nav-search-submit-button""))",Edge Chromium 120,,,2024-02-12 04:39:40,2024-02-12 04:39:49,9.385s,PASSED
Start listener action : sampleAfterTestCase,Edge Chromium 120,,,2024-02-12 04:39:49,2024-02-12 04:39:49,0.000s,PASSED
Start listener action : sampleAfterTestCase,Edge Chromium 120,,,2024-02-12 04:39:49,2024-02-12 04:39:49,0.000s,PASSED
,,,,,,,
Test Cases/Amazon_Search_TC_003,Edge Chromium 120,Search item in amazon,search,2024-02-12 04:39:49,2024-02-12 04:40:44,54.414s,PASSED
Start listener action : sampleBeforeTestCase,Edge Chromium 120,,,2024-02-12 04:39:49,2024-02-12 04:39:53,3.992s,PASSED
Start listener action : sampleBeforeTestCase,Edge Chromium 120,,,2024-02-12 04:39:53,2024-02-12 04:39:57,3.804s,PASSED
"openBrowser(""www.amazon.in"")",Edge Chromium 120,,,2024-02-12 04:39:57,2024-02-12 04:40:06,8.728s,PASSED
"if (verifyElementPresent(findTestObject(""Object Repository/Amazon_SignIn_OR/Page_Online Shopping site in India Shop Onl_10c5f3/span_Hello, sign in""), 10, OPTIONAL))",Edge Chromium 120,,,2024-02-12 04:40:06,2024-02-12 04:40:23,17.283s,PASSED
delay(10),Edge Chromium 120,,,2024-02-12 04:40:23,2024-02-12 04:40:33,10.013s,PASSED
"selectOptionByValue(findTestObject(""Object Repository/Amazon_Search_OR/Page_Online Shopping site in India Shop Onl_10c5f3/select_All Categories        Alexa Skills  _a62561""), Value, true)",Edge Chromium 120,,,2024-02-12 04:40:33,2024-02-12 04:40:36,2.559s,PASSED
"setText(findTestObject(""Object Repository/Amazon_Search_OR/Page_Online Shopping site in India Shop Onl_10c5f3/input_Search Amazon.in_field-keywords""), searchItem)",Edge Chromium 120,,,2024-02-12 04:40:36,2024-02-12 04:40:37,0.939s,PASSED
"click(findTestObject(""Object Repository/Amazon_Search_OR/Page_Online Shopping site in India Shop Onl_10c5f3/input_Search Amazon.in_nav-search-submit-button""))",Edge Chromium 120,,,2024-02-12 04:40:37,2024-02-12 04:40:44,7.050s,PASSED
Start listener action : sampleAfterTestCase,Edge Chromium 120,,,2024-02-12 04:40:44,2024-02-12 04:40:44,0.002s,PASSED
Start listener action : sampleAfterTestCase,Edge Chromium 120,,,2024-02-12 04:40:44,2024-02-12 04:40:44,0.001s,PASSED
,,,,,,,
Test Cases/Amazon_Search_TC_003,Edge Chromium 120,Search item in amazon,search,2024-02-12 04:40:44,2024-02-12 04:41:36,52.589s,PASSED
Start listener action : sampleBeforeTestCase,Edge Chromium 120,,,2024-02-12 04:40:44,2024-02-12 04:40:48,4.151s,PASSED
Start listener action : sampleBeforeTestCase,Edge Chromium 120,,,2024-02-12 04:40:48,2024-02-12 04:40:52,3.717s,PASSED
"openBrowser(""www.amazon.in"")",Edge Chromium 120,,,2024-02-12 04:40:52,2024-02-12 04:41:04,12.779s,PASSED
"if (verifyElementPresent(findTestObject(""Object Repository/Amazon_SignIn_OR/Page_Online Shopping site in India Shop Onl_10c5f3/span_Hello, sign in""), 10, OPTIONAL))",Edge Chromium 120,,,2024-02-12 04:41:04,2024-02-12 04:41:17,12.385s,PASSED
delay(10),Edge Chromium 120,,,2024-02-12 04:41:17,2024-02-12 04:41:27,10.017s,PASSED
"selectOptionByValue(findTestObject(""Object Repository/Amazon_Search_OR/Page_Online Shopping site in India Shop Onl_10c5f3/select_All Categories        Alexa Skills  _a62561""), Value, true)",Edge Chromium 120,,,2024-02-12 04:41:27,2024-02-12 04:41:30,3.369s,PASSED
"setText(findTestObject(""Object Repository/Amazon_Search_OR/Page_Online Shopping site in India Shop Onl_10c5f3/input_Search Amazon.in_field-keywords""), searchItem)",Edge Chromium 120,,,2024-02-12 04:41:30,2024-02-12 04:41:31,1.349s,PASSED
"click(findTestObject(""Object Repository/Amazon_Search_OR/Page_Online Shopping site in India Shop Onl_10c5f3/input_Search Amazon.in_nav-search-submit-button""))",Edge Chromium 120,,,2024-02-12 04:41:31,2024-02-12 04:41:36,4.780s,PASSED
Start listener action : sampleAfterTestCase,Edge Chromium 120,,,2024-02-12 04:41:36,2024-02-12 04:41:36,0.001s,PASSED
Start listener action : sampleAfterTestCase,Edge Chromium 120,,,2024-02-12 04:41:36,2024-02-12 04:41:36,0.000s,PASSED
,,,,,,,
Test Cases/Amazon_Search_TC_003,Edge Chromium 120,Search item in amazon,search,2024-02-12 04:41:36,2024-02-12 04:42:29,52.985s,PASSED
Start listener action : sampleBeforeTestCase,Edge Chromium 120,,,2024-02-12 04:41:36,2024-02-12 04:41:40,3.975s,PASSED
Start listener action : sampleBeforeTestCase,Edge Chromium 120,,,2024-02-12 04:41:40,2024-02-12 04:41:44,3.774s,PASSED
"openBrowser(""www.amazon.in"")",Edge Chromium 120,,,2024-02-12 04:41:44,2024-02-12 04:41:53,9.356s,PASSED
"if (verifyElementPresent(findTestObject(""Object Repository/Amazon_SignIn_OR/Page_Online Shopping site in India Shop Onl_10c5f3/span_Hello, sign in""), 10, OPTIONAL))",Edge Chromium 120,,,2024-02-12 04:41:53,2024-02-12 04:42:07,13.162s,PASSED
delay(10),Edge Chromium 120,,,2024-02-12 04:42:07,2024-02-12 04:42:17,10.015s,PASSED
"selectOptionByValue(findTestObject(""Object Repository/Amazon_Search_OR/Page_Online Shopping site in India Shop Onl_10c5f3/select_All Categories        Alexa Skills  _a62561""), Value, true)",Edge Chromium 120,,,2024-02-12 04:42:17,2024-02-12 04:42:19,2.879s,PASSED
"setText(findTestObject(""Object Repository/Amazon_Search_OR/Page_Online Shopping site in India Shop Onl_10c5f3/input_Search Amazon.in_field-keywords""), searchItem)",Edge Chromium 120,,,2024-02-12 04:42:19,2024-02-12 04:42:21,1.558s,PASSED
"click(findTestObject(""Object Repository/Amazon_Search_OR/Page_Online Shopping site in India Shop Onl_10c5f3/input_Search Amazon.in_nav-search-submit-button""))",Edge Chromium 120,,,2024-02-12 04:42:21,2024-02-12 04:42:29,8.247s,PASSED
Start listener action : sampleAfterTestCase,Edge Chromium 120,,,2024-02-12 04:42:29,2024-02-12 04:42:29,0.000s,PASSED
Start listener action : sampleAfterTestCase,Edge Chromium 120,,,2024-02-12 04:42:29,2024-02-12 04:42:29,0.002s,PASSED
,,,,,,,
Test Cases/Amazon_Search_TC_003,Edge Chromium 120,Search item in amazon,search,2024-02-12 04:42:29,2024-02-12 04:43:18,48.333s,PASSED
Start listener action : sampleBeforeTestCase,Edge Chromium 120,,,2024-02-12 04:42:29,2024-02-12 04:42:33,3.978s,PASSED
Start listener action : sampleBeforeTestCase,Edge Chromium 120,,,2024-02-12 04:42:33,2024-02-12 04:42:37,3.715s,PASSED
"openBrowser(""www.amazon.in"")",Edge Chromium 120,,,2024-02-12 04:42:37,2024-02-12 04:42:42,4.674s,PASSED
"if (verifyElementPresent(findTestObject(""Object Repository/Amazon_SignIn_OR/Page_Online Shopping site in India Shop Onl_10c5f3/span_Hello, sign in""), 10, OPTIONAL))",Edge Chromium 120,,,2024-02-12 04:42:42,2024-02-12 04:42:56,14.618s,PASSED
delay(10),Edge Chromium 120,,,2024-02-12 04:42:56,2024-02-12 04:43:06,10.010s,PASSED
"selectOptionByValue(findTestObject(""Object Repository/Amazon_Search_OR/Page_Online Shopping site in India Shop Onl_10c5f3/select_All Categories        Alexa Skills  _a62561""), Value, true)",Edge Chromium 120,,,2024-02-12 04:43:06,2024-02-12 04:43:09,2.740s,PASSED
"setText(findTestObject(""Object Repository/Amazon_Search_OR/Page_Online Shopping site in India Shop Onl_10c5f3/input_Search Amazon.in_field-keywords""), searchItem)",Edge Chromium 120,,,2024-02-12 04:43:09,2024-02-12 04:43:10,0.940s,PASSED
"click(findTestObject(""Object Repository/Amazon_Search_OR/Page_Online Shopping site in India Shop Onl_10c5f3/input_Search Amazon.in_nav-search-submit-button""))",Edge Chromium 120,,,2024-02-12 04:43:10,2024-02-12 04:43:18,7.641s,PASSED
Start listener action : sampleAfterTestCase,Edge Chromium 120,,,2024-02-12 04:43:18,2024-02-12 04:43:18,0.000s,PASSED
Start listener action : sampleAfterTestCase,Edge Chromium 120,,,2024-02-12 04:43:18,2024-02-12 04:43:18,0.000s,PASSED
,,,,,,,
Test Cases/Amazon_Search_TC_003,Edge Chromium 120,Search item in amazon,search,2024-02-12 04:43:18,2024-02-12 04:44:17,59.056s,PASSED
Start listener action : sampleBeforeTestCase,Edge Chromium 120,,,2024-02-12 04:43:18,2024-02-12 04:43:22,3.833s,PASSED
Start listener action : sampleBeforeTestCase,Edge Chromium 120,,,2024-02-12 04:43:22,2024-02-12 04:43:25,3.751s,PASSED
"openBrowser(""www.amazon.in"")",Edge Chromium 120,,,2024-02-12 04:43:25,2024-02-12 04:43:39,14.198s,PASSED
"if (verifyElementPresent(findTestObject(""Object Repository/Amazon_SignIn_OR/Page_Online Shopping site in India Shop Onl_10c5f3/span_Hello, sign in""), 10, OPTIONAL))",Edge Chromium 120,,,2024-02-12 04:43:39,2024-02-12 04:43:52,12.786s,PASSED
delay(10),Edge Chromium 120,,,2024-02-12 04:43:52,2024-02-12 04:44:02,10.013s,PASSED
"selectOptionByValue(findTestObject(""Object Repository/Amazon_Search_OR/Page_Online Shopping site in India Shop Onl_10c5f3/select_All Categories        Alexa Skills  _a62561""), Value, true)",Edge Chromium 120,,,2024-02-12 04:44:02,2024-02-12 04:44:05,2.754s,PASSED
"setText(findTestObject(""Object Repository/Amazon_Search_OR/Page_Online Shopping site in India Shop Onl_10c5f3/input_Search Amazon.in_field-keywords""), searchItem)",Edge Chromium 120,,,2024-02-12 04:44:05,2024-02-12 04:44:07,1.547s,PASSED
"click(findTestObject(""Object Repository/Amazon_Search_OR/Page_Online Shopping site in India Shop Onl_10c5f3/input_Search Amazon.in_nav-search-submit-button""))",Edge Chromium 120,,,2024-02-12 04:44:07,2024-02-12 04:44:17,10.154s,PASSED
Start listener action : sampleAfterTestCase,Edge Chromium 120,,,2024-02-12 04:44:17,2024-02-12 04:44:17,0.000s,PASSED
Start listener action : sampleAfterTestCase,Edge Chromium 120,,,2024-02-12 04:44:17,2024-02-12 04:44:17,0.001s,PASSED
,,,,,,,
Test Cases/Amazon_Search_TC_003,Edge Chromium 120,Search item in amazon,search,2024-02-12 04:44:17,2024-02-12 04:45:11,53.802s,PASSED
Start listener action : sampleBeforeTestCase,Edge Chromium 120,,,2024-02-12 04:44:17,2024-02-12 04:44:21,4.030s,PASSED
Start listener action : sampleBeforeTestCase,Edge Chromium 120,,,2024-02-12 04:44:21,2024-02-12 04:44:25,3.773s,PASSED
"openBrowser(""www.amazon.in"")",Edge Chromium 120,,,2024-02-12 04:44:25,2024-02-12 04:44:34,9.387s,PASSED
"if (verifyElementPresent(findTestObject(""Object Repository/Amazon_SignIn_OR/Page_Online Shopping site in India Shop Onl_10c5f3/span_Hello, sign in""), 10, OPTIONAL))",Edge Chromium 120,,,2024-02-12 04:44:34,2024-02-12 04:44:47,12.730s,PASSED
delay(10),Edge Chromium 120,,,2024-02-12 04:44:47,2024-02-12 04:44:57,10.013s,PASSED
"selectOptionByValue(findTestObject(""Object Repository/Amazon_Search_OR/Page_Online Shopping site in India Shop Onl_10c5f3/select_All Categories        Alexa Skills  _a62561""), Value, true)",Edge Chromium 120,,,2024-02-12 04:44:57,2024-02-12 04:44:59,2.641s,PASSED
"setText(findTestObject(""Object Repository/Amazon_Search_OR/Page_Online Shopping site in India Shop Onl_10c5f3/input_Search Amazon.in_field-keywords""), searchItem)",Edge Chromium 120,,,2024-02-12 04:44:59,2024-02-12 04:45:01,1.441s,PASSED
"click(findTestObject(""Object Repository/Amazon_Search_OR/Page_Online Shopping site in India Shop Onl_10c5f3/input_Search Amazon.in_nav-search-submit-button""))",Edge Chromium 120,,,2024-02-12 04:45:01,2024-02-12 04:45:11,9.771s,PASSED
Start listener action : sampleAfterTestCase,Edge Chromium 120,,,2024-02-12 04:45:11,2024-02-12 04:45:11,0.000s,PASSED
Start listener action : sampleAfterTestCase,Edge Chromium 120,,,2024-02-12 04:45:11,2024-02-12 04:45:11,0.001s,PASSED
,,,,,,,
Test Cases/Amazon_Search_TC_003,Edge Chromium 120,Search item in amazon,search,2024-02-12 04:45:11,2024-02-12 04:46:03,52.281s,PASSED
Start listener action : sampleBeforeTestCase,Edge Chromium 120,,,2024-02-12 04:45:11,2024-02-12 04:45:14,3.881s,PASSED
Start listener action : sampleBeforeTestCase,Edge Chromium 120,,,2024-02-12 04:45:14,2024-02-12 04:45:18,3.696s,PASSED
"openBrowser(""www.amazon.in"")",Edge Chromium 120,,,2024-02-12 04:45:18,2024-02-12 04:45:28,9.795s,PASSED
"if (verifyElementPresent(findTestObject(""Object Repository/Amazon_SignIn_OR/Page_Online Shopping site in India Shop Onl_10c5f3/span_Hello, sign in""), 10, OPTIONAL))",Edge Chromium 120,,,2024-02-12 04:45:28,2024-02-12 04:45:41,12.703s,PASSED
delay(10),Edge Chromium 120,,,2024-02-12 04:45:41,2024-02-12 04:45:51,10.019s,PASSED
"selectOptionByValue(findTestObject(""Object Repository/Amazon_Search_OR/Page_Online Shopping site in India Shop Onl_10c5f3/select_All Categories        Alexa Skills  _a62561""), Value, true)",Edge Chromium 120,,,2024-02-12 04:45:51,2024-02-12 04:45:54,2.802s,PASSED
"setText(findTestObject(""Object Repository/Amazon_Search_OR/Page_Online Shopping site in India Shop Onl_10c5f3/input_Search Amazon.in_field-keywords""), searchItem)",Edge Chromium 120,,,2024-02-12 04:45:54,2024-02-12 04:45:55,1.014s,PASSED
"click(findTestObject(""Object Repository/Amazon_Search_OR/Page_Online Shopping site in India Shop Onl_10c5f3/input_Search Amazon.in_nav-search-submit-button""))",Edge Chromium 120,,,2024-02-12 04:45:55,2024-02-12 04:46:03,8.358s,PASSED
Start listener action : sampleAfterTestCase,Edge Chromium 120,,,2024-02-12 04:46:03,2024-02-12 04:46:03,0.000s,PASSED
Start listener action : sampleAfterTestCase,Edge Chromium 120,,,2024-02-12 04:46:03,2024-02-12 04:46:03,0.001s,PASSED
,,,,,,,
Test Cases/Amazon_Search_TC_003,Edge Chromium 120,Search item in amazon,search,2024-02-12 04:46:03,2024-02-12 04:46:53,50.460s,PASSED
Start listener action : sampleBeforeTestCase,Edge Chromium 120,,,2024-02-12 04:46:03,2024-02-12 04:46:07,3.970s,PASSED
Start listener action : sampleBeforeTestCase,Edge Chromium 120,,,2024-02-12 04:46:07,2024-02-12 04:46:11,3.743s,PASSED
"openBrowser(""www.amazon.in"")",Edge Chromium 120,,,2024-02-12 04:46:11,2024-02-12 04:46:18,7.042s,PASSED
"if (verifyElementPresent(findTestObject(""Object Repository/Amazon_SignIn_OR/Page_Online Shopping site in India Shop Onl_10c5f3/span_Hello, sign in""), 10, OPTIONAL))",Edge Chromium 120,,,2024-02-12 04:46:18,2024-02-12 04:46:30,12.157s,PASSED
delay(10),Edge Chromium 120,,,2024-02-12 04:46:30,2024-02-12 04:46:40,10.010s,PASSED
"selectOptionByValue(findTestObject(""Object Repository/Amazon_Search_OR/Page_Online Shopping site in India Shop Onl_10c5f3/select_All Categories        Alexa Skills  _a62561""), Value, true)",Edge Chromium 120,,,2024-02-12 04:46:40,2024-02-12 04:46:43,3.295s,PASSED
"setText(findTestObject(""Object Repository/Amazon_Search_OR/Page_Online Shopping site in India Shop Onl_10c5f3/input_Search Amazon.in_field-keywords""), searchItem)",Edge Chromium 120,,,2024-02-12 04:46:43,2024-02-12 04:46:44,0.958s,PASSED
"click(findTestObject(""Object Repository/Amazon_Search_OR/Page_Online Shopping site in India Shop Onl_10c5f3/input_Search Amazon.in_nav-search-submit-button""))",Edge Chromium 120,,,2024-02-12 04:46:44,2024-02-12 04:46:53,9.268s,PASSED
Start listener action : sampleAfterTestCase,Edge Chromium 120,,,2024-02-12 04:46:53,2024-02-12 04:46:53,0.000s,PASSED
Start listener action : sampleAfterTestCase,Edge Chromium 120,,,2024-02-12 04:46:53,2024-02-12 04:46:53,0.001s,PASSED
,,,,,,,
Test Cases/Amazon_Search_TC_003,Edge Chromium 120,Search item in amazon,search,2024-02-12 04:46:53,2024-02-12 04:47:49,55.702s,PASSED
Start listener action : sampleBeforeTestCase,Edge Chromium 120,,,2024-02-12 04:46:53,2024-02-12 04:46:57,4.002s,PASSED
Start listener action : sampleBeforeTestCase,Edge Chromium 120,,,2024-02-12 04:46:57,2024-02-12 04:47:01,3.736s,PASSED
"openBrowser(""www.amazon.in"")",Edge Chromium 120,,,2024-02-12 04:47:01,2024-02-12 04:47:13,11.809s,PASSED
"if (verifyElementPresent(findTestObject(""Object Repository/Amazon_SignIn_OR/Page_Online Shopping site in India Shop Onl_10c5f3/span_Hello, sign in""), 10, OPTIONAL))",Edge Chromium 120,,,2024-02-12 04:47:13,2024-02-12 04:47:26,12.775s,PASSED
delay(10),Edge Chromium 120,,,2024-02-12 04:47:26,2024-02-12 04:47:36,10.005s,PASSED
"selectOptionByValue(findTestObject(""Object Repository/Amazon_Search_OR/Page_Online Shopping site in India Shop Onl_10c5f3/select_All Categories        Alexa Skills  _a62561""), Value, true)",Edge Chromium 120,,,2024-02-12 04:47:36,2024-02-12 04:47:38,2.670s,PASSED
"setText(findTestObject(""Object Repository/Amazon_Search_OR/Page_Online Shopping site in India Shop Onl_10c5f3/input_Search Amazon.in_field-keywords""), searchItem)",Edge Chromium 120,,,2024-02-12 04:47:38,2024-02-12 04:47:40,1.651s,PASSED
"click(findTestObject(""Object Repository/Amazon_Search_OR/Page_Online Shopping site in India Shop Onl_10c5f3/input_Search Amazon.in_nav-search-submit-button""))",Edge Chromium 120,,,2024-02-12 04:47:40,2024-02-12 04:47:49,9.038s,PASSED
Start listener action : sampleAfterTestCase,Edge Chromium 120,,,2024-02-12 04:47:49,2024-02-12 04:47:49,0.000s,PASSED
Start listener action : sampleAfterTestCase,Edge Chromium 120,,,2024-02-12 04:47:49,2024-02-12 04:47:49,0.000s,PASSED
,,,,,,,
Test Cases/Amazon_Search_TC_003,Edge Chromium 120,Search item in amazon,search,2024-02-12 04:47:49,2024-02-12 04:48:45,55.720s,PASSED
Start listener action : sampleBeforeTestCase,Edge Chromium 120,,,2024-02-12 04:47:49,2024-02-12 04:47:53,3.970s,PASSED
Start listener action : sampleBeforeTestCase,Edge Chromium 120,,,2024-02-12 04:47:53,2024-02-12 04:47:57,3.753s,PASSED
"openBrowser(""www.amazon.in"")",Edge Chromium 120,,,2024-02-12 04:47:57,2024-02-12 04:48:10,12.874s,PASSED
"if (verifyElementPresent(findTestObject(""Object Repository/Amazon_SignIn_OR/Page_Online Shopping site in India Shop Onl_10c5f3/span_Hello, sign in""), 10, OPTIONAL))",Edge Chromium 120,,,2024-02-12 04:48:10,2024-02-12 04:48:22,12.273s,PASSED
delay(10),Edge Chromium 120,,,2024-02-12 04:48:22,2024-02-12 04:48:32,10.010s,PASSED
"selectOptionByValue(findTestObject(""Object Repository/Amazon_Search_OR/Page_Online Shopping site in India Shop Onl_10c5f3/select_All Categories        Alexa Skills  _a62561""), Value, true)",Edge Chromium 120,,,2024-02-12 04:48:32,2024-02-12 04:48:35,3.397s,PASSED
"setText(findTestObject(""Object Repository/Amazon_Search_OR/Page_Online Shopping site in India Shop Onl_10c5f3/input_Search Amazon.in_field-keywords""), searchItem)",Edge Chromium 120,,,2024-02-12 04:48:35,2024-02-12 04:48:36,0.938s,PASSED
"click(findTestObject(""Object Repository/Amazon_Search_OR/Page_Online Shopping site in India Shop Onl_10c5f3/input_Search Amazon.in_nav-search-submit-button""))",Edge Chromium 120,,,2024-02-12 04:48:36,2024-02-12 04:48:45,8.491s,PASSED
Start listener action : sampleAfterTestCase,Edge Chromium 120,,,2024-02-12 04:48:45,2024-02-12 04:48:45,0.000s,PASSED
Start listener action : sampleAfterTestCase,Edge Chromium 120,,,2024-02-12 04:48:45,2024-02-12 04:48:45,0.000s,PASSED
,,,,,,,
Test Cases/Amazon_Search_TC_003,Edge Chromium 120,Search item in amazon,search,2024-02-12 04:48:45,2024-02-12 04:49:39,53.627s,PASSED
Start listener action : sampleBeforeTestCase,Edge Chromium 120,,,2024-02-12 04:48:45,2024-02-12 04:48:49,3.911s,PASSED
Start listener action : sampleBeforeTestCase,Edge Chromium 120,,,2024-02-12 04:48:49,2024-02-12 04:48:53,3.720s,PASSED
"openBrowser(""www.amazon.in"")",Edge Chromium 120,,,2024-02-12 04:48:53,2024-02-12 04:49:04,11.854s,PASSED
"if (verifyElementPresent(findTestObject(""Object Repository/Amazon_SignIn_OR/Page_Online Shopping site in India Shop Onl_10c5f3/span_Hello, sign in""), 10, OPTIONAL))",Edge Chromium 120,,,2024-02-12 04:49:04,2024-02-12 04:49:16,11.916s,PASSED
delay(10),Edge Chromium 120,,,2024-02-12 04:49:16,2024-02-12 04:49:26,10.003s,PASSED
"selectOptionByValue(findTestObject(""Object Repository/Amazon_Search_OR/Page_Online Shopping site in India Shop Onl_10c5f3/select_All Categories        Alexa Skills  _a62561""), Value, true)",Edge Chromium 120,,,2024-02-12 04:49:26,2024-02-12 04:49:30,3.296s,PASSED
"setText(findTestObject(""Object Repository/Amazon_Search_OR/Page_Online Shopping site in India Shop Onl_10c5f3/input_Search Amazon.in_field-keywords""), searchItem)",Edge Chromium 120,,,2024-02-12 04:49:30,2024-02-12 04:49:31,1.418s,PASSED
"click(findTestObject(""Object Repository/Amazon_Search_OR/Page_Online Shopping site in India Shop Onl_10c5f3/input_Search Amazon.in_nav-search-submit-button""))",Edge Chromium 120,,,2024-02-12 04:49:31,2024-02-12 04:49:39,7.496s,PASSED
Start listener action : sampleAfterTestCase,Edge Chromium 120,,,2024-02-12 04:49:39,2024-02-12 04:49:39,0.001s,PASSED
Start listener action : sampleAfterTestCase,Edge Chromium 120,,,2024-02-12 04:49:39,2024-02-12 04:49:39,0.000s,PASSED
,,,,,,,
Test Cases/Amazon_Search_TC_003,Edge Chromium 120,Search item in amazon,search,2024-02-12 04:49:39,2024-02-12 04:50:25,46.015s,PASSED
Start listener action : sampleBeforeTestCase,Edge Chromium 120,,,2024-02-12 04:49:39,2024-02-12 04:49:43,3.924s,PASSED
Start listener action : sampleBeforeTestCase,Edge Chromium 120,,,2024-02-12 04:49:43,2024-02-12 04:49:46,3.711s,PASSED
"openBrowser(""www.amazon.in"")",Edge Chromium 120,,,2024-02-12 04:49:46,2024-02-12 04:49:53,6.760s,PASSED
"if (verifyElementPresent(findTestObject(""Object Repository/Amazon_SignIn_OR/Page_Online Shopping site in India Shop Onl_10c5f3/span_Hello, sign in""), 10, OPTIONAL))",Edge Chromium 120,,,2024-02-12 04:49:53,2024-02-12 04:50:03,9.778s,PASSED
delay(10),Edge Chromium 120,,,2024-02-12 04:50:03,2024-02-12 04:50:13,10.006s,PASSED
"selectOptionByValue(findTestObject(""Object Repository/Amazon_Search_OR/Page_Online Shopping site in India Shop Onl_10c5f3/select_All Categories        Alexa Skills  _a62561""), Value, true)",Edge Chromium 120,,,2024-02-12 04:50:13,2024-02-12 04:50:16,3.484s,PASSED
"setText(findTestObject(""Object Repository/Amazon_Search_OR/Page_Online Shopping site in India Shop Onl_10c5f3/input_Search Amazon.in_field-keywords""), searchItem)",Edge Chromium 120,,,2024-02-12 04:50:16,2024-02-12 04:50:17,0.915s,PASSED
"click(findTestObject(""Object Repository/Amazon_Search_OR/Page_Online Shopping site in India Shop Onl_10c5f3/input_Search Amazon.in_nav-search-submit-button""))",Edge Chromium 120,,,2024-02-12 04:50:17,2024-02-12 04:50:25,7.423s,PASSED
Start listener action : sampleAfterTestCase,Edge Chromium 120,,,2024-02-12 04:50:25,2024-02-12 04:50:25,0.000s,PASSED
Start listener action : sampleAfterTestCase,Edge Chromium 120,,,2024-02-12 04:50:25,2024-02-12 04:50:25,0.001s,PASSED
,,,,,,,
Test Cases/Amazon_Search_TC_003,Edge Chromium 120,Search item in amazon,search,2024-02-12 04:50:25,2024-02-12 04:51:11,46.484s,PASSED
Start listener action : sampleBeforeTestCase,Edge Chromium 120,,,2024-02-12 04:50:25,2024-02-12 04:50:29,4.009s,PASSED
Start listener action : sampleBeforeTestCase,Edge Chromium 120,,,2024-02-12 04:50:29,2024-02-12 04:50:32,3.757s,PASSED
"openBrowser(""www.amazon.in"")",Edge Chromium 120,,,2024-02-12 04:50:32,2024-02-12 04:50:42,9.609s,PASSED
"if (verifyElementPresent(findTestObject(""Object Repository/Amazon_SignIn_OR/Page_Online Shopping site in India Shop Onl_10c5f3/span_Hello, sign in""), 10, OPTIONAL))",Edge Chromium 120,,,2024-02-12 04:50:42,2024-02-12 04:50:54,11.929s,PASSED
delay(10),Edge Chromium 120,,,2024-02-12 04:50:54,2024-02-12 04:51:04,10.008s,PASSED
"selectOptionByValue(findTestObject(""Object Repository/Amazon_Search_OR/Page_Online Shopping site in India Shop Onl_10c5f3/select_All Categories        Alexa Skills  _a62561""), Value, true)",Edge Chromium 120,,,2024-02-12 04:51:04,2024-02-12 04:51:07,2.856s,PASSED
"setText(findTestObject(""Object Repository/Amazon_Search_OR/Page_Online Shopping site in India Shop Onl_10c5f3/input_Search Amazon.in_field-keywords""), searchItem)",Edge Chromium 120,,,2024-02-12 04:51:07,2024-02-12 04:51:08,0.929s,PASSED
"click(findTestObject(""Object Repository/Amazon_Search_OR/Page_Online Shopping site in India Shop Onl_10c5f3/input_Search Amazon.in_nav-search-submit-button""))",Edge Chromium 120,,,2024-02-12 04:51:08,2024-02-12 04:51:11,3.372s,PASSED
Start listener action : sampleAfterTestCase,Edge Chromium 120,,,2024-02-12 04:51:11,2024-02-12 04:51:11,0.001s,PASSED
Start listener action : sampleAfterTestCase,Edge Chromium 120,,,2024-02-12 04:51:11,2024-02-12 04:51:11,0.001s,PASSED
,,,,,,,
Test Cases/Amazon_Search_TC_003,Edge Chromium 120,Search item in amazon,search,2024-02-12 04:51:11,2024-02-12 04:51:59,47.510s,PASSED
Start listener action : sampleBeforeTestCase,Edge Chromium 120,,,2024-02-12 04:51:11,2024-02-12 04:51:15,3.942s,PASSED
Start listener action : sampleBeforeTestCase,Edge Chromium 120,,,2024-02-12 04:51:15,2024-02-12 04:51:19,3.694s,PASSED
"openBrowser(""www.amazon.in"")",Edge Chromium 120,,,2024-02-12 04:51:19,2024-02-12 04:51:26,6.732s,PASSED
"if (verifyElementPresent(findTestObject(""Object Repository/Amazon_SignIn_OR/Page_Online Shopping site in India Shop Onl_10c5f3/span_Hello, sign in""), 10, OPTIONAL))",Edge Chromium 120,,,2024-02-12 04:51:26,2024-02-12 04:51:37,11.442s,PASSED
delay(10),Edge Chromium 120,,,2024-02-12 04:51:37,2024-02-12 04:51:47,10.004s,PASSED
"selectOptionByValue(findTestObject(""Object Repository/Amazon_Search_OR/Page_Online Shopping site in India Shop Onl_10c5f3/select_All Categories        Alexa Skills  _a62561""), Value, true)",Edge Chromium 120,,,2024-02-12 04:51:47,2024-02-12 04:51:50,3.423s,PASSED
"setText(findTestObject(""Object Repository/Amazon_Search_OR/Page_Online Shopping site in India Shop Onl_10c5f3/input_Search Amazon.in_field-keywords""), searchItem)",Edge Chromium 120,,,2024-02-12 04:51:50,2024-02-12 04:51:51,1.008s,PASSED
"click(findTestObject(""Object Repository/Amazon_Search_OR/Page_Online Shopping site in India Shop Onl_10c5f3/input_Search Amazon.in_nav-search-submit-button""))",Edge Chromium 120,,,2024-02-12 04:51:51,2024-02-12 04:51:59,7.256s,PASSED
Start listener action : sampleAfterTestCase,Edge Chromium 120,,,2024-02-12 04:51:59,2024-02-12 04:51:59,0.000s,PASSED
Start listener action : sampleAfterTestCase,Edge Chromium 120,,,2024-02-12 04:51:59,2024-02-12 04:51:59,0.000s,PASSED
,,,,,,,
Test Cases/Amazon_Search_TC_003,Edge Chromium 120,Search item in amazon,search,2024-02-12 04:51:59,2024-02-12 04:52:50,51.081s,PASSED
Start listener action : sampleBeforeTestCase,Edge Chromium 120,,,2024-02-12 04:51:59,2024-02-12 04:52:03,4.107s,PASSED
Start listener action : sampleBeforeTestCase,Edge Chromium 120,,,2024-02-12 04:52:03,2024-02-12 04:52:07,3.783s,PASSED
"openBrowser(""www.amazon.in"")",Edge Chromium 120,,,2024-02-12 04:52:07,2024-02-12 04:52:15,8.279s,PASSED
"if (verifyElementPresent(findTestObject(""Object Repository/Amazon_SignIn_OR/Page_Online Shopping site in India Shop Onl_10c5f3/span_Hello, sign in""), 10, OPTIONAL))",Edge Chromium 120,,,2024-02-12 04:52:15,2024-02-12 04:52:27,11.775s,PASSED
delay(10),Edge Chromium 120,,,2024-02-12 04:52:27,2024-02-12 04:52:37,10.014s,PASSED
"selectOptionByValue(findTestObject(""Object Repository/Amazon_Search_OR/Page_Online Shopping site in India Shop Onl_10c5f3/select_All Categories        Alexa Skills  _a62561""), Value, true)",Edge Chromium 120,,,2024-02-12 04:52:37,2024-02-12 04:52:40,3.131s,PASSED
"setText(findTestObject(""Object Repository/Amazon_Search_OR/Page_Online Shopping site in India Shop Onl_10c5f3/input_Search Amazon.in_field-keywords""), searchItem)",Edge Chromium 120,,,2024-02-12 04:52:40,2024-02-12 04:52:41,1.032s,PASSED
"click(findTestObject(""Object Repository/Amazon_Search_OR/Page_Online Shopping site in India Shop Onl_10c5f3/input_Search Amazon.in_nav-search-submit-button""))",Edge Chromium 120,,,2024-02-12 04:52:41,2024-02-12 04:52:50,8.944s,PASSED
Start listener action : sampleAfterTestCase,Edge Chromium 120,,,2024-02-12 04:52:50,2024-02-12 04:52:50,0.000s,PASSED
Start listener action : sampleAfterTestCase,Edge Chromium 120,,,2024-02-12 04:52:50,2024-02-12 04:52:50,0.000s,PASSED
,,,,,,,
Test Cases/Amazon_Search_TC_003,Edge Chromium 120,Search item in amazon,search,2024-02-12 04:52:50,2024-02-12 04:53:39,49.331s,PASSED
Start listener action : sampleBeforeTestCase,Edge Chromium 120,,,2024-02-12 04:52:50,2024-02-12 04:52:54,4.086s,PASSED
Start listener action : sampleBeforeTestCase,Edge Chromium 120,,,2024-02-12 04:52:54,2024-02-12 04:52:58,3.762s,PASSED
"openBrowser(""www.amazon.in"")",Edge Chromium 120,,,2024-02-12 04:52:58,2024-02-12 04:53:05,7.084s,PASSED
"if (verifyElementPresent(findTestObject(""Object Repository/Amazon_SignIn_OR/Page_Online Shopping site in India Shop Onl_10c5f3/span_Hello, sign in""), 10, OPTIONAL))",Edge Chromium 120,,,2024-02-12 04:53:05,2024-02-12 04:53:18,13.042s,PASSED
delay(10),Edge Chromium 120,,,2024-02-12 04:53:18,2024-02-12 04:53:28,10.017s,PASSED
"selectOptionByValue(findTestObject(""Object Repository/Amazon_Search_OR/Page_Online Shopping site in India Shop Onl_10c5f3/select_All Categories        Alexa Skills  _a62561""), Value, true)",Edge Chromium 120,,,2024-02-12 04:53:28,2024-02-12 04:53:31,3.343s,PASSED
"setText(findTestObject(""Object Repository/Amazon_Search_OR/Page_Online Shopping site in India Shop Onl_10c5f3/input_Search Amazon.in_field-keywords""), searchItem)",Edge Chromium 120,,,2024-02-12 04:53:31,2024-02-12 04:53:33,1.409s,PASSED
"click(findTestObject(""Object Repository/Amazon_Search_OR/Page_Online Shopping site in India Shop Onl_10c5f3/input_Search Amazon.in_nav-search-submit-button""))",Edge Chromium 120,,,2024-02-12 04:53:33,2024-02-12 04:53:39,6.578s,PASSED
Start listener action : sampleAfterTestCase,Edge Chromium 120,,,2024-02-12 04:53:39,2024-02-12 04:53:39,0.001s,PASSED
Start listener action : sampleAfterTestCase,Edge Chromium 120,,,2024-02-12 04:53:39,2024-02-12 04:53:39,0.000s,PASSED
,,,,,,,
Test Cases/Amazon_Search_TC_003,Edge Chromium 120,Search item in amazon,search,2024-02-12 04:53:39,2024-02-12 04:54:35,55.362s,PASSED
Start listener action : sampleBeforeTestCase,Edge Chromium 120,,,2024-02-12 04:53:39,2024-02-12 04:53:43,4.004s,PASSED
Start listener action : sampleBeforeTestCase,Edge Chromium 120,,,2024-02-12 04:53:43,2024-02-12 04:53:47,3.792s,PASSED
"openBrowser(""www.amazon.in"")",Edge Chromium 120,,,2024-02-12 04:53:47,2024-02-12 04:53:52,4.686s,PASSED
"if (verifyElementPresent(findTestObject(""Object Repository/Amazon_SignIn_OR/Page_Online Shopping site in India Shop Onl_10c5f3/span_Hello, sign in""), 10, OPTIONAL))",Edge Chromium 120,,,2024-02-12 04:53:52,2024-02-12 04:54:09,17.402s,PASSED
delay(10),Edge Chromium 120,,,2024-02-12 04:54:09,2024-02-12 04:54:19,10.010s,PASSED
"selectOptionByValue(findTestObject(""Object Repository/Amazon_Search_OR/Page_Online Shopping site in India Shop Onl_10c5f3/select_All Categories        Alexa Skills  _a62561""), Value, true)",Edge Chromium 120,,,2024-02-12 04:54:19,2024-02-12 04:54:23,3.338s,PASSED
"setText(findTestObject(""Object Repository/Amazon_Search_OR/Page_Online Shopping site in India Shop Onl_10c5f3/input_Search Amazon.in_field-keywords""), searchItem)",Edge Chromium 120,,,2024-02-12 04:54:23,2024-02-12 04:54:24,1.011s,PASSED
"click(findTestObject(""Object Repository/Amazon_Search_OR/Page_Online Shopping site in India Shop Onl_10c5f3/input_Search Amazon.in_nav-search-submit-button""))",Edge Chromium 120,,,2024-02-12 04:54:24,2024-02-12 04:54:35,11.106s,PASSED
Start listener action : sampleAfterTestCase,Edge Chromium 120,,,2024-02-12 04:54:35,2024-02-12 04:54:35,0.000s,PASSED
Start listener action : sampleAfterTestCase,Edge Chromium 120,,,2024-02-12 04:54:35,2024-02-12 04:54:35,0.000s,PASSED
,,,,,,,
Test Cases/Amazon_Search_TC_003,Edge Chromium 120,Search item in amazon,search,2024-02-12 04:54:35,2024-02-12 04:55:31,56.315s,PASSED
Start listener action : sampleBeforeTestCase,Edge Chromium 120,,,2024-02-12 04:54:35,2024-02-12 04:54:39,3.971s,PASSED
Start listener action : sampleBeforeTestCase,Edge Chromium 120,,,2024-02-12 04:54:39,2024-02-12 04:54:42,3.781s,PASSED
"openBrowser(""www.amazon.in"")",Edge Chromium 120,,,2024-02-12 04:54:42,2024-02-12 04:54:53,11.028s,PASSED
"if (verifyElementPresent(findTestObject(""Object Repository/Amazon_SignIn_OR/Page_Online Shopping site in India Shop Onl_10c5f3/span_Hello, sign in""), 10, OPTIONAL))",Edge Chromium 120,,,2024-02-12 04:54:53,2024-02-12 04:55:07,13.266s,PASSED
delay(10),Edge Chromium 120,,,2024-02-12 04:55:07,2024-02-12 04:55:17,10.018s,PASSED
"selectOptionByValue(findTestObject(""Object Repository/Amazon_Search_OR/Page_Online Shopping site in India Shop Onl_10c5f3/select_All Categories        Alexa Skills  _a62561""), Value, true)",Edge Chromium 120,,,2024-02-12 04:55:17,2024-02-12 04:55:20,3.072s,PASSED
"setText(findTestObject(""Object Repository/Amazon_Search_OR/Page_Online Shopping site in India Shop Onl_10c5f3/input_Search Amazon.in_field-keywords""), searchItem)",Edge Chromium 120,,,2024-02-12 04:55:20,2024-02-12 04:55:22,1.829s,PASSED
"click(findTestObject(""Object Repository/Amazon_Search_OR/Page_Online Shopping site in India Shop Onl_10c5f3/input_Search Amazon.in_nav-search-submit-button""))",Edge Chromium 120,,,2024-02-12 04:55:22,2024-02-12 04:55:31,9.339s,PASSED
Start listener action : sampleAfterTestCase,Edge Chromium 120,,,2024-02-12 04:55:31,2024-02-12 04:55:31,0.000s,PASSED
Start listener action : sampleAfterTestCase,Edge Chromium 120,,,2024-02-12 04:55:31,2024-02-12 04:55:31,0.000s,PASSED
,,,,,,,
Test Cases/Amazon_Search_TC_003,Edge Chromium 120,Search item in amazon,search,2024-02-12 04:55:31,2024-02-12 04:56:27,56.314s,PASSED
Start listener action : sampleBeforeTestCase,Edge Chromium 120,,,2024-02-12 04:55:31,2024-02-12 04:55:35,3.799s,PASSED
Start listener action : sampleBeforeTestCase,Edge Chromium 120,,,2024-02-12 04:55:35,2024-02-12 04:55:39,3.735s,PASSED
"openBrowser(""www.amazon.in"")",Edge Chromium 120,,,2024-02-12 04:55:39,2024-02-12 04:55:51,12.374s,PASSED
"if (verifyElementPresent(findTestObject(""Object Repository/Amazon_SignIn_OR/Page_Online Shopping site in India Shop Onl_10c5f3/span_Hello, sign in""), 10, OPTIONAL))",Edge Chromium 120,,,2024-02-12 04:55:51,2024-02-12 04:56:02,11.522s,PASSED
delay(10),Edge Chromium 120,,,2024-02-12 04:56:02,2024-02-12 04:56:12,10.008s,PASSED
"selectOptionByValue(findTestObject(""Object Repository/Amazon_Search_OR/Page_Online Shopping site in India Shop Onl_10c5f3/select_All Categories        Alexa Skills  _a62561""), Value, true)",Edge Chromium 120,,,2024-02-12 04:56:12,2024-02-12 04:56:16,3.781s,PASSED
"setText(findTestObject(""Object Repository/Amazon_Search_OR/Page_Online Shopping site in India Shop Onl_10c5f3/input_Search Amazon.in_field-keywords""), searchItem)",Edge Chromium 120,,,2024-02-12 04:56:16,2024-02-12 04:56:18,1.330s,PASSED
"click(findTestObject(""Object Repository/Amazon_Search_OR/Page_Online Shopping site in India Shop Onl_10c5f3/input_Search Amazon.in_nav-search-submit-button""))",Edge Chromium 120,,,2024-02-12 04:56:18,2024-02-12 04:56:27,9.756s,PASSED
Start listener action : sampleAfterTestCase,Edge Chromium 120,,,2024-02-12 04:56:27,2024-02-12 04:56:27,0.000s,PASSED
Start listener action : sampleAfterTestCase,Edge Chromium 120,,,2024-02-12 04:56:27,2024-02-12 04:56:27,0.000s,PASSED
,,,,,,,
Test Cases/Amazon_Search_TC_003,Edge Chromium 120,Search item in amazon,search,2024-02-12 04:56:27,2024-02-12 04:57:17,49.316s,PASSED
Start listener action : sampleBeforeTestCase,Edge Chromium 120,,,2024-02-12 04:56:27,2024-02-12 04:56:31,3.992s,PASSED
Start listener action : sampleBeforeTestCase,Edge Chromium 120,,,2024-02-12 04:56:31,2024-02-12 04:56:35,3.740s,PASSED
"openBrowser(""www.amazon.in"")",Edge Chromium 120,,,2024-02-12 04:56:35,2024-02-12 04:56:43,7.461s,PASSED
"if (verifyElementPresent(findTestObject(""Object Repository/Amazon_SignIn_OR/Page_Online Shopping site in India Shop Onl_10c5f3/span_Hello, sign in""), 10, OPTIONAL))",Edge Chromium 120,,,2024-02-12 04:56:43,2024-02-12 04:56:54,11.564s,PASSED
delay(10),Edge Chromium 120,,,2024-02-12 04:56:54,2024-02-12 04:57:04,10.009s,PASSED
"selectOptionByValue(findTestObject(""Object Repository/Amazon_Search_OR/Page_Online Shopping site in India Shop Onl_10c5f3/select_All Categories        Alexa Skills  _a62561""), Value, true)",Edge Chromium 120,,,2024-02-12 04:57:04,2024-02-12 04:57:08,3.416s,PASSED
"setText(findTestObject(""Object Repository/Amazon_Search_OR/Page_Online Shopping site in India Shop Onl_10c5f3/input_Search Amazon.in_field-keywords""), searchItem)",Edge Chromium 120,,,2024-02-12 04:57:08,2024-02-12 04:57:09,1.300s,PASSED
"click(findTestObject(""Object Repository/Amazon_Search_OR/Page_Online Shopping site in India Shop Onl_10c5f3/input_Search Amazon.in_nav-search-submit-button""))",Edge Chromium 120,,,2024-02-12 04:57:09,2024-02-12 04:57:17,7.821s,PASSED
Start listener action : sampleAfterTestCase,Edge Chromium 120,,,2024-02-12 04:57:17,2024-02-12 04:57:17,0.001s,PASSED
Start listener action : sampleAfterTestCase,Edge Chromium 120,,,2024-02-12 04:57:17,2024-02-12 04:57:17,0.000s,PASSED
,,,,,,,
Test Cases/Amazon_Search_TC_003,Edge Chromium 120,Search item in amazon,search,2024-02-12 04:57:17,2024-02-12 04:58:01,44.372s,PASSED
Start listener action : sampleBeforeTestCase,Edge Chromium 120,,,2024-02-12 04:57:17,2024-02-12 04:57:21,3.935s,PASSED
Start listener action : sampleBeforeTestCase,Edge Chromium 120,,,2024-02-12 04:57:21,2024-02-12 04:57:25,3.794s,PASSED
"openBrowser(""www.amazon.in"")",Edge Chromium 120,,,2024-02-12 04:57:25,2024-02-12 04:57:31,6.773s,PASSED
"if (verifyElementPresent(findTestObject(""Object Repository/Amazon_SignIn_OR/Page_Online Shopping site in India Shop Onl_10c5f3/span_Hello, sign in""), 10, OPTIONAL))",Edge Chromium 120,,,2024-02-12 04:57:31,2024-02-12 04:57:42,10.967s,PASSED
delay(10),Edge Chromium 120,,,2024-02-12 04:57:42,2024-02-12 04:57:52,10.016s,PASSED
"selectOptionByValue(findTestObject(""Object Repository/Amazon_Search_OR/Page_Online Shopping site in India Shop Onl_10c5f3/select_All Categories        Alexa Skills  _a62561""), Value, true)",Edge Chromium 120,,,2024-02-12 04:57:52,2024-02-12 04:57:56,3.542s,PASSED
"setText(findTestObject(""Object Repository/Amazon_Search_OR/Page_Online Shopping site in India Shop Onl_10c5f3/input_Search Amazon.in_field-keywords""), searchItem)",Edge Chromium 120,,,2024-02-12 04:57:56,2024-02-12 04:57:57,1.234s,PASSED
"click(findTestObject(""Object Repository/Amazon_Search_OR/Page_Online Shopping site in India Shop Onl_10c5f3/input_Search Amazon.in_nav-search-submit-button""))",Edge Chromium 120,,,2024-02-12 04:57:57,2024-02-12 04:58:01,4.097s,PASSED
Start listener action : sampleAfterTestCase,Edge Chromium 120,,,2024-02-12 04:58:01,2024-02-12 04:58:01,0.000s,PASSED
Start listener action : sampleAfterTestCase,Edge Chromium 120,,,2024-02-12 04:58:01,2024-02-12 04:58:01,0.000s,PASSED
,,,,,,,
Test Cases/Amazon_Search_TC_003,Edge Chromium 120,Search item in amazon,search,2024-02-12 04:58:01,2024-02-12 04:58:52,50.792s,PASSED
Start listener action : sampleBeforeTestCase,Edge Chromium 120,,,2024-02-12 04:58:01,2024-02-12 04:58:05,4.006s,PASSED
Start listener action : sampleBeforeTestCase,Edge Chromium 120,,,2024-02-12 04:58:05,2024-02-12 04:58:09,3.728s,PASSED
"openBrowser(""www.amazon.in"")",Edge Chromium 120,,,2024-02-12 04:58:09,2024-02-12 04:58:16,7.369s,PASSED
"if (verifyElementPresent(findTestObject(""Object Repository/Amazon_SignIn_OR/Page_Online Shopping site in India Shop Onl_10c5f3/span_Hello, sign in""), 10, OPTIONAL))",Edge Chromium 120,,,2024-02-12 04:58:16,2024-02-12 04:58:28,11.886s,PASSED
delay(10),Edge Chromium 120,,,2024-02-12 04:58:28,2024-02-12 04:58:38,10.007s,PASSED
"selectOptionByValue(findTestObject(""Object Repository/Amazon_Search_OR/Page_Online Shopping site in India Shop Onl_10c5f3/select_All Categories        Alexa Skills  _a62561""), Value, true)",Edge Chromium 120,,,2024-02-12 04:58:38,2024-02-12 04:58:42,3.503s,PASSED
"setText(findTestObject(""Object Repository/Amazon_Search_OR/Page_Online Shopping site in India Shop Onl_10c5f3/input_Search Amazon.in_field-keywords""), searchItem)",Edge Chromium 120,,,2024-02-12 04:58:42,2024-02-12 04:58:43,1.199s,PASSED
"click(findTestObject(""Object Repository/Amazon_Search_OR/Page_Online Shopping site in India Shop Onl_10c5f3/input_Search Amazon.in_nav-search-submit-button""))",Edge Chromium 120,,,2024-02-12 04:58:43,2024-02-12 04:58:52,9.083s,PASSED
Start listener action : sampleAfterTestCase,Edge Chromium 120,,,2024-02-12 04:58:52,2024-02-12 04:58:52,0.000s,PASSED
Start listener action : sampleAfterTestCase,Edge Chromium 120,,,2024-02-12 04:58:52,2024-02-12 04:58:52,0.000s,PASSED
,,,,,,,
Test Cases/Amazon_Search_TC_003,Edge Chromium 120,Search item in amazon,search,2024-02-12 04:58:52,2024-02-12 04:59:49,57.047s,PASSED
Start listener action : sampleBeforeTestCase,Edge Chromium 120,,,2024-02-12 04:58:52,2024-02-12 04:58:56,4.092s,PASSED
Start listener action : sampleBeforeTestCase,Edge Chromium 120,,,2024-02-12 04:58:56,2024-02-12 04:59:00,3.776s,PASSED
"openBrowser(""www.amazon.in"")",Edge Chromium 120,,,2024-02-12 04:59:00,2024-02-12 04:59:13,13.442s,PASSED
"if (verifyElementPresent(findTestObject(""Object Repository/Amazon_SignIn_OR/Page_Online Shopping site in India Shop Onl_10c5f3/span_Hello, sign in""), 10, OPTIONAL))",Edge Chromium 120,,,2024-02-12 04:59:13,2024-02-12 04:59:27,13.301s,PASSED
delay(10),Edge Chromium 120,,,2024-02-12 04:59:27,2024-02-12 04:59:37,10.015s,PASSED
"selectOptionByValue(findTestObject(""Object Repository/Amazon_Search_OR/Page_Online Shopping site in India Shop Onl_10c5f3/select_All Categories        Alexa Skills  _a62561""), Value, true)",Edge Chromium 120,,,2024-02-12 04:59:37,2024-02-12 04:59:40,3.329s,PASSED
"setText(findTestObject(""Object Repository/Amazon_Search_OR/Page_Online Shopping site in India Shop Onl_10c5f3/input_Search Amazon.in_field-keywords""), searchItem)",Edge Chromium 120,,,2024-02-12 04:59:40,2024-02-12 04:59:42,1.999s,PASSED
"click(findTestObject(""Object Repository/Amazon_Search_OR/Page_Online Shopping site in India Shop Onl_10c5f3/input_Search Amazon.in_nav-search-submit-button""))",Edge Chromium 120,,,2024-02-12 04:59:42,2024-02-12 04:59:49,7.079s,PASSED
Start listener action : sampleAfterTestCase,Edge Chromium 120,,,2024-02-12 04:59:49,2024-02-12 04:59:49,0.001s,PASSED
Start listener action : sampleAfterTestCase,Edge Chromium 120,,,2024-02-12 04:59:49,2024-02-12 04:59:49,0.000s,PASSED
,,,,,,,
Test Cases/Amazon_Search_TC_003,Edge Chromium 120,Search item in amazon,search,2024-02-12 04:59:49,2024-02-12 05:00:40,50.774s,PASSED
Start listener action : sampleBeforeTestCase,Edge Chromium 120,,,2024-02-12 04:59:49,2024-02-12 04:59:53,3.980s,PASSED
Start listener action : sampleBeforeTestCase,Edge Chromium 120,,,2024-02-12 04:59:53,2024-02-12 04:59:57,3.803s,PASSED
"openBrowser(""www.amazon.in"")",Edge Chromium 120,,,2024-02-12 04:59:57,2024-02-12 05:00:04,7.206s,PASSED
"if (verifyElementPresent(findTestObject(""Object Repository/Amazon_SignIn_OR/Page_Online Shopping site in India Shop Onl_10c5f3/span_Hello, sign in""), 10, OPTIONAL))",Edge Chromium 120,,,2024-02-12 05:00:04,2024-02-12 05:00:17,12.527s,PASSED
delay(10),Edge Chromium 120,,,2024-02-12 05:00:17,2024-02-12 05:00:27,10.015s,PASSED
"selectOptionByValue(findTestObject(""Object Repository/Amazon_Search_OR/Page_Online Shopping site in India Shop Onl_10c5f3/select_All Categories        Alexa Skills  _a62561""), Value, true)",Edge Chromium 120,,,2024-02-12 05:00:27,2024-02-12 05:00:30,3.673s,PASSED
"setText(findTestObject(""Object Repository/Amazon_Search_OR/Page_Online Shopping site in India Shop Onl_10c5f3/input_Search Amazon.in_field-keywords""), searchItem)",Edge Chromium 120,,,2024-02-12 05:00:30,2024-02-12 05:00:31,0.965s,PASSED
"click(findTestObject(""Object Repository/Amazon_Search_OR/Page_Online Shopping site in India Shop Onl_10c5f3/input_Search Amazon.in_nav-search-submit-button""))",Edge Chromium 120,,,2024-02-12 05:00:31,2024-02-12 05:00:40,8.594s,PASSED
Start listener action : sampleAfterTestCase,Edge Chromium 120,,,2024-02-12 05:00:40,2024-02-12 05:00:40,0.000s,PASSED
Start listener action : sampleAfterTestCase,Edge Chromium 120,,,2024-02-12 05:00:40,2024-02-12 05:00:40,0.000s,PASSED
,,,,,,,
Test Cases/Amazon_Search_TC_003,Edge Chromium 120,Search item in amazon,search,2024-02-12 05:00:40,2024-02-12 05:01:29,48.764s,PASSED
Start listener action : sampleBeforeTestCase,Edge Chromium 120,,,2024-02-12 05:00:40,2024-02-12 05:00:44,4.017s,PASSED
Start listener action : sampleBeforeTestCase,Edge Chromium 120,,,2024-02-12 05:00:44,2024-02-12 05:00:48,3.813s,PASSED
"openBrowser(""www.amazon.in"")",Edge Chromium 120,,,2024-02-12 05:00:48,2024-02-12 05:00:55,7.521s,PASSED
"if (verifyElementPresent(findTestObject(""Object Repository/Amazon_SignIn_OR/Page_Online Shopping site in India Shop Onl_10c5f3/span_Hello, sign in""), 10, OPTIONAL))",Edge Chromium 120,,,2024-02-12 05:00:55,2024-02-12 05:01:07,11.562s,PASSED
delay(10),Edge Chromium 120,,,2024-02-12 05:01:07,2024-02-12 05:01:17,10.018s,PASSED
"selectOptionByValue(findTestObject(""Object Repository/Amazon_Search_OR/Page_Online Shopping site in India Shop Onl_10c5f3/select_All Categories        Alexa Skills  _a62561""), Value, true)",Edge Chromium 120,,,2024-02-12 05:01:17,2024-02-12 05:01:21,3.674s,PASSED
"setText(findTestObject(""Object Repository/Amazon_Search_OR/Page_Online Shopping site in India Shop Onl_10c5f3/input_Search Amazon.in_field-keywords""), searchItem)",Edge Chromium 120,,,2024-02-12 05:01:21,2024-02-12 05:01:22,1.251s,PASSED
"click(findTestObject(""Object Repository/Amazon_Search_OR/Page_Online Shopping site in India Shop Onl_10c5f3/input_Search Amazon.in_nav-search-submit-button""))",Edge Chromium 120,,,2024-02-12 05:01:22,2024-02-12 05:01:29,6.895s,PASSED
Start listener action : sampleAfterTestCase,Edge Chromium 120,,,2024-02-12 05:01:29,2024-02-12 05:01:29,0.000s,PASSED
Start listener action : sampleAfterTestCase,Edge Chromium 120,,,2024-02-12 05:01:29,2024-02-12 05:01:29,0.000s,PASSED
,,,,,,,
Test Cases/Amazon_Search_TC_003,Edge Chromium 120,Search item in amazon,search,2024-02-12 05:01:29,2024-02-12 05:02:18,49.550s,PASSED
Start listener action : sampleBeforeTestCase,Edge Chromium 120,,,2024-02-12 05:01:29,2024-02-12 05:01:33,3.990s,PASSED
Start listener action : sampleBeforeTestCase,Edge Chromium 120,,,2024-02-12 05:01:33,2024-02-12 05:01:36,3.738s,PASSED
"openBrowser(""www.amazon.in"")",Edge Chromium 120,,,2024-02-12 05:01:36,2024-02-12 05:01:44,7.025s,PASSED
"if (verifyElementPresent(findTestObject(""Object Repository/Amazon_SignIn_OR/Page_Online Shopping site in India Shop Onl_10c5f3/span_Hello, sign in""), 10, OPTIONAL))",Edge Chromium 120,,,2024-02-12 05:01:44,2024-02-12 05:01:55,11.791s,PASSED
delay(10),Edge Chromium 120,,,2024-02-12 05:01:55,2024-02-12 05:02:05,10.012s,PASSED
"selectOptionByValue(findTestObject(""Object Repository/Amazon_Search_OR/Page_Online Shopping site in India Shop Onl_10c5f3/select_All Categories        Alexa Skills  _a62561""), Value, true)",Edge Chromium 120,,,2024-02-12 05:02:05,2024-02-12 05:02:09,3.527s,PASSED
"setText(findTestObject(""Object Repository/Amazon_Search_OR/Page_Online Shopping site in India Shop Onl_10c5f3/input_Search Amazon.in_field-keywords""), searchItem)",Edge Chromium 120,,,2024-02-12 05:02:09,2024-02-12 05:02:10,0.968s,PASSED
"click(findTestObject(""Object Repository/Amazon_Search_OR/Page_Online Shopping site in India Shop Onl_10c5f3/input_Search Amazon.in_nav-search-submit-button""))",Edge Chromium 120,,,2024-02-12 05:02:10,2024-02-12 05:02:18,8.487s,PASSED
Start listener action : sampleAfterTestCase,Edge Chromium 120,,,2024-02-12 05:02:18,2024-02-12 05:02:18,0.000s,PASSED
Start listener action : sampleAfterTestCase,Edge Chromium 120,,,2024-02-12 05:02:18,2024-02-12 05:02:18,0.000s,PASSED
,,,,,,,
Test Cases/Amazon_Search_TC_003,Edge Chromium 120,Search item in amazon,search,2024-02-12 05:02:18,2024-02-12 05:03:29,1m - 10.951s,PASSED
Start listener action : sampleBeforeTestCase,Edge Chromium 120,,,2024-02-12 05:02:18,2024-02-12 05:02:22,4.016s,PASSED
Start listener action : sampleBeforeTestCase,Edge Chromium 120,,,2024-02-12 05:02:22,2024-02-12 05:02:26,3.760s,PASSED
"openBrowser(""www.amazon.in"")",Edge Chromium 120,,,2024-02-12 05:02:26,2024-02-12 05:02:31,4.939s,PASSED
"if (verifyElementPresent(findTestObject(""Object Repository/Amazon_SignIn_OR/Page_Online Shopping site in India Shop Onl_10c5f3/span_Hello, sign in""), 10, OPTIONAL))",Edge Chromium 120,,,2024-02-12 05:02:31,2024-02-12 05:03:05,33.903s,PASSED
delay(10),Edge Chromium 120,,,2024-02-12 05:03:05,2024-02-12 05:03:15,10.016s,PASSED
"selectOptionByValue(findTestObject(""Object Repository/Amazon_Search_OR/Page_Online Shopping site in India Shop Onl_10c5f3/select_All Categories        Alexa Skills  _a62561""), Value, true)",Edge Chromium 120,,,2024-02-12 05:03:15,2024-02-12 05:03:19,3.639s,PASSED
"setText(findTestObject(""Object Repository/Amazon_Search_OR/Page_Online Shopping site in India Shop Onl_10c5f3/input_Search Amazon.in_field-keywords""), searchItem)",Edge Chromium 120,,,2024-02-12 05:03:19,2024-02-12 05:03:20,0.940s,PASSED
"click(findTestObject(""Object Repository/Amazon_Search_OR/Page_Online Shopping site in India Shop Onl_10c5f3/input_Search Amazon.in_nav-search-submit-button""))",Edge Chromium 120,,,2024-02-12 05:03:20,2024-02-12 05:03:29,9.725s,PASSED
Start listener action : sampleAfterTestCase,Edge Chromium 120,,,2024-02-12 05:03:29,2024-02-12 05:03:29,0.000s,PASSED
Start listener action : sampleAfterTestCase,Edge Chromium 120,,,2024-02-12 05:03:29,2024-02-12 05:03:29,0.000s,PASSED
,,,,,,,
Test Cases/Amazon_Search_TC_003,Edge Chromium 120,Search item in amazon,search,2024-02-12 05:03:29,2024-02-12 05:04:18,48.803s,PASSED
Start listener action : sampleBeforeTestCase,Edge Chromium 120,,,2024-02-12 05:03:29,2024-02-12 05:03:33,3.973s,PASSED
Start listener action : sampleBeforeTestCase,Edge Chromium 120,,,2024-02-12 05:03:33,2024-02-12 05:03:37,3.741s,PASSED
"openBrowser(""www.amazon.in"")",Edge Chromium 120,,,2024-02-12 05:03:37,2024-02-12 05:03:44,6.903s,PASSED
"if (verifyElementPresent(findTestObject(""Object Repository/Amazon_SignIn_OR/Page_Online Shopping site in India Shop Onl_10c5f3/span_Hello, sign in""), 10, OPTIONAL))",Edge Chromium 120,,,2024-02-12 05:03:44,2024-02-12 05:03:56,11.763s,PASSED
delay(10),Edge Chromium 120,,,2024-02-12 05:03:56,2024-02-12 05:04:06,10.010s,PASSED
"selectOptionByValue(findTestObject(""Object Repository/Amazon_Search_OR/Page_Online Shopping site in India Shop Onl_10c5f3/select_All Categories        Alexa Skills  _a62561""), Value, true)",Edge Chromium 120,,,2024-02-12 05:04:06,2024-02-12 05:04:09,3.458s,PASSED
"setText(findTestObject(""Object Repository/Amazon_Search_OR/Page_Online Shopping site in India Shop Onl_10c5f3/input_Search Amazon.in_field-keywords""), searchItem)",Edge Chromium 120,,,2024-02-12 05:04:09,2024-02-12 05:04:10,1.029s,PASSED
"click(findTestObject(""Object Repository/Amazon_Search_OR/Page_Online Shopping site in India Shop Onl_10c5f3/input_Search Amazon.in_nav-search-submit-button""))",Edge Chromium 120,,,2024-02-12 05:04:10,2024-02-12 05:04:18,7.915s,PASSED
Start listener action : sampleAfterTestCase,Edge Chromium 120,,,2024-02-12 05:04:18,2024-02-12 05:04:18,0.002s,PASSED
Start listener action : sampleAfterTestCase,Edge Chromium 120,,,2024-02-12 05:04:18,2024-02-12 05:04:18,0.000s,PASSED
,,,,,,,
Test Cases/Amazon_Search_TC_003,Edge Chromium 120,Search item in amazon,search,2024-02-12 05:04:18,2024-02-12 05:05:23,1m - 5.133s,PASSED
Start listener action : sampleBeforeTestCase,Edge Chromium 120,,,2024-02-12 05:04:18,2024-02-12 05:04:22,3.982s,PASSED
Start listener action : sampleBeforeTestCase,Edge Chromium 120,,,2024-02-12 05:04:22,2024-02-12 05:04:26,3.752s,PASSED
"openBrowser(""www.amazon.in"")",Edge Chromium 120,,,2024-02-12 05:04:26,2024-02-12 05:04:33,7.329s,PASSED
"if (verifyElementPresent(findTestObject(""Object Repository/Amazon_SignIn_OR/Page_Online Shopping site in India Shop Onl_10c5f3/span_Hello, sign in""), 10, OPTIONAL))",Edge Chromium 120,,,2024-02-12 05:04:33,2024-02-12 05:04:46,12.975s,PASSED
delay(10),Edge Chromium 120,,,2024-02-12 05:04:46,2024-02-12 05:04:56,10.006s,PASSED
"selectOptionByValue(findTestObject(""Object Repository/Amazon_Search_OR/Page_Online Shopping site in India Shop Onl_10c5f3/select_All Categories        Alexa Skills  _a62561""), Value, true)",Edge Chromium 120,,,2024-02-12 05:04:56,2024-02-12 05:05:01,4.623s,PASSED
"setText(findTestObject(""Object Repository/Amazon_Search_OR/Page_Online Shopping site in India Shop Onl_10c5f3/input_Search Amazon.in_field-keywords""), searchItem)",Edge Chromium 120,,,2024-02-12 05:05:01,2024-02-12 05:05:03,2.224s,PASSED
"click(findTestObject(""Object Repository/Amazon_Search_OR/Page_Online Shopping site in India Shop Onl_10c5f3/input_Search Amazon.in_nav-search-submit-button""))",Edge Chromium 120,,,2024-02-12 05:05:03,2024-02-12 05:05:23,20.226s,PASSED
Start listener action : sampleAfterTestCase,Edge Chromium 120,,,2024-02-12 05:05:23,2024-02-12 05:05:23,0.001s,PASSED
Start listener action : sampleAfterTestCase,Edge Chromium 120,,,2024-02-12 05:05:23,2024-02-12 05:05:23,0.000s,PASSED
,,,,,,,
Test Cases/Amazon_Search_TC_003,Edge Chromium 120,Search item in amazon,search,2024-02-12 05:05:23,2024-02-12 05:06:40,1m - 16.469s,PASSED
Start listener action : sampleBeforeTestCase,Edge Chromium 120,,,2024-02-12 05:05:23,2024-02-12 05:05:27,3.973s,PASSED
Start listener action : sampleBeforeTestCase,Edge Chromium 120,,,2024-02-12 05:05:27,2024-02-12 05:05:31,3.780s,PASSED
"openBrowser(""www.amazon.in"")",Edge Chromium 120,,,2024-02-12 05:05:31,2024-02-12 05:05:36,5.038s,PASSED
"if (verifyElementPresent(findTestObject(""Object Repository/Amazon_SignIn_OR/Page_Online Shopping site in India Shop Onl_10c5f3/span_Hello, sign in""), 10, OPTIONAL))",Edge Chromium 120,,,2024-02-12 05:05:36,2024-02-12 05:06:10,33.822s,PASSED
delay(10),Edge Chromium 120,,,2024-02-12 05:06:10,2024-02-12 05:06:20,10.013s,PASSED
"selectOptionByValue(findTestObject(""Object Repository/Amazon_Search_OR/Page_Online Shopping site in India Shop Onl_10c5f3/select_All Categories        Alexa Skills  _a62561""), Value, true)",Edge Chromium 120,,,2024-02-12 05:06:20,2024-02-12 05:06:30,10.058s,PASSED
"setText(findTestObject(""Object Repository/Amazon_Search_OR/Page_Online Shopping site in India Shop Onl_10c5f3/input_Search Amazon.in_field-keywords""), searchItem)",Edge Chromium 120,,,2024-02-12 05:06:30,2024-02-12 05:06:31,1.235s,PASSED
"click(findTestObject(""Object Repository/Amazon_Search_OR/Page_Online Shopping site in India Shop Onl_10c5f3/input_Search Amazon.in_nav-search-submit-button""))",Edge Chromium 120,,,2024-02-12 05:06:31,2024-02-12 05:06:40,8.540s,PASSED
Start listener action : sampleAfterTestCase,Edge Chromium 120,,,2024-02-12 05:06:40,2024-02-12 05:06:40,0.000s,PASSED
Start listener action : sampleAfterTestCase,Edge Chromium 120,,,2024-02-12 05:06:40,2024-02-12 05:06:40,0.000s,PASSED
,,,,,,,
Test Cases/Amazon_Search_TC_003,Edge Chromium 120,Search item in amazon,search,2024-02-12 05:06:40,2024-02-12 05:07:25,45.630s,PASSED
Start listener action : sampleBeforeTestCase,Edge Chromium 120,,,2024-02-12 05:06:40,2024-02-12 05:06:44,3.969s,PASSED
Start listener action : sampleBeforeTestCase,Edge Chromium 120,,,2024-02-12 05:06:44,2024-02-12 05:06:48,3.754s,PASSED
"openBrowser(""www.amazon.in"")",Edge Chromium 120,,,2024-02-12 05:06:48,2024-02-12 05:06:55,7.736s,PASSED
"if (verifyElementPresent(findTestObject(""Object Repository/Amazon_SignIn_OR/Page_Online Shopping site in India Shop Onl_10c5f3/span_Hello, sign in""), 10, OPTIONAL))",Edge Chromium 120,,,2024-02-12 05:06:55,2024-02-12 05:07:07,11.977s,PASSED
delay(10),Edge Chromium 120,,,2024-02-12 05:07:07,2024-02-12 05:07:17,10.007s,PASSED
"selectOptionByValue(findTestObject(""Object Repository/Amazon_Search_OR/Page_Online Shopping site in India Shop Onl_10c5f3/select_All Categories        Alexa Skills  _a62561""), Value, true)",Edge Chromium 120,,,2024-02-12 05:07:17,2024-02-12 05:07:21,3.721s,PASSED
"setText(findTestObject(""Object Repository/Amazon_Search_OR/Page_Online Shopping site in India Shop Onl_10c5f3/input_Search Amazon.in_field-keywords""), searchItem)",Edge Chromium 120,,,2024-02-12 05:07:21,2024-02-12 05:07:22,1.226s,PASSED
"click(findTestObject(""Object Repository/Amazon_Search_OR/Page_Online Shopping site in India Shop Onl_10c5f3/input_Search Amazon.in_nav-search-submit-button""))",Edge Chromium 120,,,2024-02-12 05:07:22,2024-02-12 05:07:25,3.224s,PASSED
Start listener action : sampleAfterTestCase,Edge Chromium 120,,,2024-02-12 05:07:25,2024-02-12 05:07:25,0.000s,PASSED
Start listener action : sampleAfterTestCase,Edge Chromium 120,,,2024-02-12 05:07:25,2024-02-12 05:07:25,0.001s,PASSED
,,,,,,,
Test Cases/Amazon_Search_TC_003,Edge Chromium 120,Search item in amazon,search,2024-02-12 05:07:26,2024-02-12 05:08:24,58.113s,PASSED
Start listener action : sampleBeforeTestCase,Edge Chromium 120,,,2024-02-12 05:07:26,2024-02-12 05:07:30,3.972s,PASSED
Start listener action : sampleBeforeTestCase,Edge Chromium 120,,,2024-02-12 05:07:30,2024-02-12 05:07:33,3.851s,PASSED
"openBrowser(""www.amazon.in"")",Edge Chromium 120,,,2024-02-12 05:07:33,2024-02-12 05:07:44,10.572s,PASSED
"if (verifyElementPresent(findTestObject(""Object Repository/Amazon_SignIn_OR/Page_Online Shopping site in India Shop Onl_10c5f3/span_Hello, sign in""), 10, OPTIONAL))",Edge Chromium 120,,,2024-02-12 05:07:44,2024-02-12 05:07:59,15.485s,PASSED
delay(10),Edge Chromium 120,,,2024-02-12 05:07:59,2024-02-12 05:08:09,10.017s,PASSED
"selectOptionByValue(findTestObject(""Object Repository/Amazon_Search_OR/Page_Online Shopping site in India Shop Onl_10c5f3/select_All Categories        Alexa Skills  _a62561""), Value, true)",Edge Chromium 120,,,2024-02-12 05:08:09,2024-02-12 05:08:13,4.022s,PASSED
"setText(findTestObject(""Object Repository/Amazon_Search_OR/Page_Online Shopping site in India Shop Onl_10c5f3/input_Search Amazon.in_field-keywords""), searchItem)",Edge Chromium 120,,,2024-02-12 05:08:13,2024-02-12 05:08:15,1.095s,PASSED
"click(findTestObject(""Object Repository/Amazon_Search_OR/Page_Online Shopping site in India Shop Onl_10c5f3/input_Search Amazon.in_nav-search-submit-button""))",Edge Chromium 120,,,2024-02-12 05:08:15,2024-02-12 05:08:24,9.089s,PASSED
Start listener action : sampleAfterTestCase,Edge Chromium 120,,,2024-02-12 05:08:24,2024-02-12 05:08:24,0.001s,PASSED
Start listener action : sampleAfterTestCase,Edge Chromium 120,,,2024-02-12 05:08:24,2024-02-12 05:08:24,0.000s,PASSED
,,,,,,,
Test Cases/Amazon_Search_TC_003,Edge Chromium 120,Search item in amazon,search,2024-02-12 05:08:24,2024-02-12 05:09:24,59.871s,PASSED
Start listener action : sampleBeforeTestCase,Edge Chromium 120,,,2024-02-12 05:08:24,2024-02-12 05:08:28,4.014s,PASSED
Start listener action : sampleBeforeTestCase,Edge Chromium 120,,,2024-02-12 05:08:28,2024-02-12 05:08:31,3.763s,PASSED
"openBrowser(""www.amazon.in"")",Edge Chromium 120,,,2024-02-12 05:08:31,2024-02-12 05:08:46,14.554s,PASSED
"if (verifyElementPresent(findTestObject(""Object Repository/Amazon_SignIn_OR/Page_Online Shopping site in India Shop Onl_10c5f3/span_Hello, sign in""), 10, OPTIONAL))",Edge Chromium 120,,,2024-02-12 05:08:46,2024-02-12 05:08:58,12.155s,PASSED
delay(10),Edge Chromium 120,,,2024-02-12 05:08:58,2024-02-12 05:09:08,10.005s,PASSED
"selectOptionByValue(findTestObject(""Object Repository/Amazon_Search_OR/Page_Online Shopping site in India Shop Onl_10c5f3/select_All Categories        Alexa Skills  _a62561""), Value, true)",Edge Chromium 120,,,2024-02-12 05:09:08,2024-02-12 05:09:13,4.629s,PASSED
"setText(findTestObject(""Object Repository/Amazon_Search_OR/Page_Online Shopping site in India Shop Onl_10c5f3/input_Search Amazon.in_field-keywords""), searchItem)",Edge Chromium 120,,,2024-02-12 05:09:13,2024-02-12 05:09:14,1.404s,PASSED
"click(findTestObject(""Object Repository/Amazon_Search_OR/Page_Online Shopping site in India Shop Onl_10c5f3/input_Search Amazon.in_nav-search-submit-button""))",Edge Chromium 120,,,2024-02-12 05:09:14,2024-02-12 05:09:24,9.336s,PASSED
Start listener action : sampleAfterTestCase,Edge Chromium 120,,,2024-02-12 05:09:24,2024-02-12 05:09:24,0.000s,PASSED
Start listener action : sampleAfterTestCase,Edge Chromium 120,,,2024-02-12 05:09:24,2024-02-12 05:09:24,0.000s,PASSED
,,,,,,,
Test Cases/Amazon_Search_TC_003,Edge Chromium 120,Search item in amazon,search,2024-02-12 05:09:24,2024-02-12 05:10:24,1m - 0.327s,PASSED
Start listener action : sampleBeforeTestCase,Edge Chromium 120,,,2024-02-12 05:09:24,2024-02-12 05:09:28,4.036s,PASSED
Start listener action : sampleBeforeTestCase,Edge Chromium 120,,,2024-02-12 05:09:28,2024-02-12 05:09:31,3.840s,PASSED
"openBrowser(""www.amazon.in"")",Edge Chromium 120,,,2024-02-12 05:09:31,2024-02-12 05:09:45,13.992s,PASSED
"if (verifyElementPresent(findTestObject(""Object Repository/Amazon_SignIn_OR/Page_Online Shopping site in India Shop Onl_10c5f3/span_Hello, sign in""), 10, OPTIONAL))",Edge Chromium 120,,,2024-02-12 05:09:45,2024-02-12 05:10:00,14.243s,PASSED
delay(10),Edge Chromium 120,,,2024-02-12 05:10:00,2024-02-12 05:10:10,10.015s,PASSED
"selectOptionByValue(findTestObject(""Object Repository/Amazon_Search_OR/Page_Online Shopping site in India Shop Onl_10c5f3/select_All Categories        Alexa Skills  _a62561""), Value, true)",Edge Chromium 120,,,2024-02-12 05:10:10,2024-02-12 05:10:13,3.562s,PASSED
"setText(findTestObject(""Object Repository/Amazon_Search_OR/Page_Online Shopping site in India Shop Onl_10c5f3/input_Search Amazon.in_field-keywords""), searchItem)",Edge Chromium 120,,,2024-02-12 05:10:13,2024-02-12 05:10:15,1.517s,PASSED
"click(findTestObject(""Object Repository/Amazon_Search_OR/Page_Online Shopping site in India Shop Onl_10c5f3/input_Search Amazon.in_nav-search-submit-button""))",Edge Chromium 120,,,2024-02-12 05:10:15,2024-02-12 05:10:24,9.107s,PASSED
Start listener action : sampleAfterTestCase,Edge Chromium 120,,,2024-02-12 05:10:24,2024-02-12 05:10:24,0.001s,PASSED
Start listener action : sampleAfterTestCase,Edge Chromium 120,,,2024-02-12 05:10:24,2024-02-12 05:10:24,0.000s,PASSED
,,,,,,,
Test Cases/Amazon_Search_TC_003,Edge Chromium 120,Search item in amazon,search,2024-02-12 05:10:24,2024-02-12 05:11:29,1m - 4.935s,PASSED
Start listener action : sampleBeforeTestCase,Edge Chromium 120,,,2024-02-12 05:10:24,2024-02-12 05:10:28,4.024s,PASSED
Start listener action : sampleBeforeTestCase,Edge Chromium 120,,,2024-02-12 05:10:28,2024-02-12 05:10:32,3.785s,PASSED
"openBrowser(""www.amazon.in"")",Edge Chromium 120,,,2024-02-12 05:10:32,2024-02-12 05:10:43,10.738s,PASSED
"if (verifyElementPresent(findTestObject(""Object Repository/Amazon_SignIn_OR/Page_Online Shopping site in India Shop Onl_10c5f3/span_Hello, sign in""), 10, OPTIONAL))",Edge Chromium 120,,,2024-02-12 05:10:43,2024-02-12 05:10:58,15.531s,PASSED
delay(10),Edge Chromium 120,,,2024-02-12 05:10:58,2024-02-12 05:11:08,10.015s,PASSED
"selectOptionByValue(findTestObject(""Object Repository/Amazon_Search_OR/Page_Online Shopping site in India Shop Onl_10c5f3/select_All Categories        Alexa Skills  _a62561""), Value, true)",Edge Chromium 120,,,2024-02-12 05:11:08,2024-02-12 05:11:13,4.474s,PASSED
"setText(findTestObject(""Object Repository/Amazon_Search_OR/Page_Online Shopping site in India Shop Onl_10c5f3/input_Search Amazon.in_field-keywords""), searchItem)",Edge Chromium 120,,,2024-02-12 05:11:13,2024-02-12 05:11:17,4.425s,PASSED
"click(findTestObject(""Object Repository/Amazon_Search_OR/Page_Online Shopping site in India Shop Onl_10c5f3/input_Search Amazon.in_nav-search-submit-button""))",Edge Chromium 120,,,2024-02-12 05:11:17,2024-02-12 05:11:29,11.928s,PASSED
Start listener action : sampleAfterTestCase,Edge Chromium 120,,,2024-02-12 05:11:29,2024-02-12 05:11:29,0.000s,PASSED
Start listener action : sampleAfterTestCase,Edge Chromium 120,,,2024-02-12 05:11:29,2024-02-12 05:11:29,0.000s,PASSED
,,,,,,,
Test Cases/Amazon_Search_TC_003,Edge Chromium 120,Search item in amazon,search,2024-02-12 05:11:29,2024-02-12 05:12:50,1m - 21.483s,PASSED
Start listener action : sampleBeforeTestCase,Edge Chromium 120,,,2024-02-12 05:11:29,2024-02-12 05:11:33,4.071s,PASSED
Start listener action : sampleBeforeTestCase,Edge Chromium 120,,,2024-02-12 05:11:33,2024-02-12 05:11:37,3.892s,PASSED
"openBrowser(""www.amazon.in"")",Edge Chromium 120,,,2024-02-12 05:11:37,2024-02-12 05:12:00,23.539s,PASSED
"if (verifyElementPresent(findTestObject(""Object Repository/Amazon_SignIn_OR/Page_Online Shopping site in India Shop Onl_10c5f3/span_Hello, sign in""), 10, OPTIONAL))",Edge Chromium 120,,,2024-02-12 05:12:00,2024-02-12 05:12:15,15.031s,PASSED
delay(10),Edge Chromium 120,,,2024-02-12 05:12:15,2024-02-12 05:12:25,10.009s,PASSED
"selectOptionByValue(findTestObject(""Object Repository/Amazon_Search_OR/Page_Online Shopping site in India Shop Onl_10c5f3/select_All Categories        Alexa Skills  _a62561""), Value, true)",Edge Chromium 120,,,2024-02-12 05:12:25,2024-02-12 05:12:32,6.324s,PASSED
"setText(findTestObject(""Object Repository/Amazon_Search_OR/Page_Online Shopping site in India Shop Onl_10c5f3/input_Search Amazon.in_field-keywords""), searchItem)",Edge Chromium 120,,,2024-02-12 05:12:32,2024-02-12 05:12:33,1.091s,PASSED
"click(findTestObject(""Object Repository/Amazon_Search_OR/Page_Online Shopping site in India Shop Onl_10c5f3/input_Search Amazon.in_nav-search-submit-button""))",Edge Chromium 120,,,2024-02-12 05:12:33,2024-02-12 05:12:50,17.516s,PASSED
Start listener action : sampleAfterTestCase,Edge Chromium 120,,,2024-02-12 05:12:50,2024-02-12 05:12:50,0.000s,PASSED
Start listener action : sampleAfterTestCase,Edge Chromium 120,,,2024-02-12 05:12:50,2024-02-12 05:12:50,0.000s,PASSED
,,,,,,,
Test Cases/Amazon_Search_TC_003,Edge Chromium 120,Search item in amazon,search,2024-02-12 05:12:50,2024-02-12 05:13:49,58.646s,PASSED
Start listener action : sampleBeforeTestCase,Edge Chromium 120,,,2024-02-12 05:12:50,2024-02-12 05:12:55,4.156s,PASSED
Start listener action : sampleBeforeTestCase,Edge Chromium 120,,,2024-02-12 05:12:55,2024-02-12 05:12:59,3.886s,PASSED
"openBrowser(""www.amazon.in"")",Edge Chromium 120,,,2024-02-12 05:12:59,2024-02-12 05:13:09,9.988s,PASSED
"if (verifyElementPresent(findTestObject(""Object Repository/Amazon_SignIn_OR/Page_Online Shopping site in India Shop Onl_10c5f3/span_Hello, sign in""), 10, OPTIONAL))",Edge Chromium 120,,,2024-02-12 05:13:09,2024-02-12 05:13:21,12.968s,PASSED
delay(10),Edge Chromium 120,,,2024-02-12 05:13:21,2024-02-12 05:13:31,10.006s,PASSED
"selectOptionByValue(findTestObject(""Object Repository/Amazon_Search_OR/Page_Online Shopping site in India Shop Onl_10c5f3/select_All Categories        Alexa Skills  _a62561""), Value, true)",Edge Chromium 120,,,2024-02-12 05:13:31,2024-02-12 05:13:35,3.210s,PASSED
"setText(findTestObject(""Object Repository/Amazon_Search_OR/Page_Online Shopping site in India Shop Onl_10c5f3/input_Search Amazon.in_field-keywords""), searchItem)",Edge Chromium 120,,,2024-02-12 05:13:35,2024-02-12 05:13:37,2.346s,PASSED
"click(findTestObject(""Object Repository/Amazon_Search_OR/Page_Online Shopping site in India Shop Onl_10c5f3/input_Search Amazon.in_nav-search-submit-button""))",Edge Chromium 120,,,2024-02-12 05:13:37,2024-02-12 05:13:49,12.072s,PASSED
Start listener action : sampleAfterTestCase,Edge Chromium 120,,,2024-02-12 05:13:49,2024-02-12 05:13:49,0.000s,PASSED
Start listener action : sampleAfterTestCase,Edge Chromium 120,,,2024-02-12 05:13:49,2024-02-12 05:13:49,0.000s,PASSED
,,,,,,,
Test Cases/Amazon_Search_TC_003,Edge Chromium 120,Search item in amazon,search,2024-02-12 05:13:49,2024-02-12 05:14:44,54.453s,PASSED
Start listener action : sampleBeforeTestCase,Edge Chromium 120,,,2024-02-12 05:13:49,2024-02-12 05:13:53,3.986s,PASSED
Start listener action : sampleBeforeTestCase,Edge Chromium 120,,,2024-02-12 05:13:53,2024-02-12 05:13:57,3.786s,PASSED
"openBrowser(""www.amazon.in"")",Edge Chromium 120,,,2024-02-12 05:13:57,2024-02-12 05:14:08,11.505s,PASSED
"if (verifyElementPresent(findTestObject(""Object Repository/Amazon_SignIn_OR/Page_Online Shopping site in India Shop Onl_10c5f3/span_Hello, sign in""), 10, OPTIONAL))",Edge Chromium 120,,,2024-02-12 05:14:08,2024-02-12 05:14:21,12.293s,PASSED
delay(10),Edge Chromium 120,,,2024-02-12 05:14:21,2024-02-12 05:14:31,10.008s,PASSED
"selectOptionByValue(findTestObject(""Object Repository/Amazon_Search_OR/Page_Online Shopping site in India Shop Onl_10c5f3/select_All Categories        Alexa Skills  _a62561""), Value, true)",Edge Chromium 120,,,2024-02-12 05:14:31,2024-02-12 05:14:34,3.218s,PASSED
"setText(findTestObject(""Object Repository/Amazon_Search_OR/Page_Online Shopping site in India Shop Onl_10c5f3/input_Search Amazon.in_field-keywords""), searchItem)",Edge Chromium 120,,,2024-02-12 05:14:34,2024-02-12 05:14:35,1.389s,PASSED
"click(findTestObject(""Object Repository/Amazon_Search_OR/Page_Online Shopping site in India Shop Onl_10c5f3/input_Search Amazon.in_nav-search-submit-button""))",Edge Chromium 120,,,2024-02-12 05:14:35,2024-02-12 05:14:44,8.258s,PASSED
Start listener action : sampleAfterTestCase,Edge Chromium 120,,,2024-02-12 05:14:44,2024-02-12 05:14:44,0.000s,PASSED
Start listener action : sampleAfterTestCase,Edge Chromium 120,,,2024-02-12 05:14:44,2024-02-12 05:14:44,0.000s,PASSED
,,,,,,,
Test Cases/Amazon_Search_TC_003,Edge Chromium 120,Search item in amazon,search,2024-02-12 05:14:44,2024-02-12 05:15:35,51.420s,PASSED
Start listener action : sampleBeforeTestCase,Edge Chromium 120,,,2024-02-12 05:14:44,2024-02-12 05:14:48,3.893s,PASSED
Start listener action : sampleBeforeTestCase,Edge Chromium 120,,,2024-02-12 05:14:48,2024-02-12 05:14:51,3.783s,PASSED
"openBrowser(""www.amazon.in"")",Edge Chromium 120,,,2024-02-12 05:14:51,2024-02-12 05:14:59,7.317s,PASSED
"if (verifyElementPresent(findTestObject(""Object Repository/Amazon_SignIn_OR/Page_Online Shopping site in India Shop Onl_10c5f3/span_Hello, sign in""), 10, OPTIONAL))",Edge Chromium 120,,,2024-02-12 05:14:59,2024-02-12 05:15:12,13.257s,PASSED
delay(10),Edge Chromium 120,,,2024-02-12 05:15:12,2024-02-12 05:15:22,10.008s,PASSED
"selectOptionByValue(findTestObject(""Object Repository/Amazon_Search_OR/Page_Online Shopping site in India Shop Onl_10c5f3/select_All Categories        Alexa Skills  _a62561""), Value, true)",Edge Chromium 120,,,2024-02-12 05:15:22,2024-02-12 05:15:25,3.352s,PASSED
"setText(findTestObject(""Object Repository/Amazon_Search_OR/Page_Online Shopping site in India Shop Onl_10c5f3/input_Search Amazon.in_field-keywords""), searchItem)",Edge Chromium 120,,,2024-02-12 05:15:25,2024-02-12 05:15:27,1.347s,PASSED
"click(findTestObject(""Object Repository/Amazon_Search_OR/Page_Online Shopping site in India Shop Onl_10c5f3/input_Search Amazon.in_nav-search-submit-button""))",Edge Chromium 120,,,2024-02-12 05:15:27,2024-02-12 05:15:35,8.458s,PASSED
Start listener action : sampleAfterTestCase,Edge Chromium 120,,,2024-02-12 05:15:35,2024-02-12 05:15:35,0.000s,PASSED
Start listener action : sampleAfterTestCase,Edge Chromium 120,,,2024-02-12 05:15:35,2024-02-12 05:15:35,0.000s,PASSED
