Suite/Test/Step Name,Browser,Description,Tag,Start time,End time,Duration,Status
Amazon_TestSuite_Excel,Edge Chromium 120,Sigin with excel data,,2024-02-08 19:43:11,2024-02-08 19:44:58,1m - 46.324s,PASSED
,,,,,,,
Test Cases/Amazon_SignIn_TC_002,Edge Chromium 120,sign in,SignIn,2024-02-08 19:43:32,2024-02-08 19:44:24,52.510s,PASSED
Start listener action : sampleBeforeTestCase,Edge Chromium 120,,,2024-02-08 19:43:32,2024-02-08 19:43:39,7.640s,PASSED
"openBrowser("""")",Edge Chromium 120,,,2024-02-08 19:43:39,2024-02-08 19:43:41,2.079s,PASSED
"navigateToUrl(""https://www.amazon.in/"")",Edge Chromium 120,,,2024-02-08 19:43:41,2024-02-08 19:44:01,19.323s,PASSED
"click(findTestObject(""Object Repository/Amazon_SignIn_OR/Page_Online Shopping site in India Shop Onl_10c5f3/span_Hello, sign in""))",Edge Chromium 120,,,2024-02-08 19:44:01,2024-02-08 19:44:05,3.920s,PASSED
"setText(findTestObject(""Object Repository/Amazon_SignIn_OR/Page_Amazon Sign In/input_Email or mobile phone number_email""), UserID)",Edge Chromium 120,,,2024-02-08 19:44:05,2024-02-08 19:44:07,2.522s,PASSED
"click(findTestObject(""Object Repository/Amazon_SignIn_OR/Page_Amazon Sign In/input_Enter your email or mobile phone numb_fc7402""))",Edge Chromium 120,,,2024-02-08 19:44:07,2024-02-08 19:44:12,4.892s,PASSED
"setText(findTestObject(""Object Repository/Amazon_SignIn_OR/Page_Amazon Sign In/input_Forgot Password_password""), Password)",Edge Chromium 120,,,2024-02-08 19:44:12,2024-02-08 19:44:13,1.255s,PASSED
"click(findTestObject(""Object Repository/Amazon_SignIn_OR/Page_Amazon Sign In/input_Enter your password_signInSubmit""))",Edge Chromium 120,,,2024-02-08 19:44:13,2024-02-08 19:44:20,6.627s,PASSED
"click(findTestObject(""Object Repository/Amazon_SignIn_OR/Page_Online Shopping site in India Shop Onl_10c5f3/a_in""))",Edge Chromium 120,,,2024-02-08 19:44:20,2024-02-08 19:44:23,3.381s,PASSED
closeBrowser(),Edge Chromium 120,,,2024-02-08 19:44:23,2024-02-08 19:44:24,0.840s,PASSED
Start listener action : sampleAfterTestCase,Edge Chromium 120,,,2024-02-08 19:44:24,2024-02-08 19:44:24,0.001s,PASSED
,,,,,,,
Test Cases/Amazon_SignIn_TC_002,Edge Chromium 120,sign in,SignIn,2024-02-08 19:44:24,2024-02-08 19:44:58,33.538s,PASSED
Start listener action : sampleBeforeTestCase,Edge Chromium 120,,,2024-02-08 19:44:24,2024-02-08 19:44:31,6.570s,PASSED
"openBrowser("""")",Edge Chromium 120,,,2024-02-08 19:44:31,2024-02-08 19:44:33,2.155s,PASSED
"navigateToUrl(""https://www.amazon.in/"")",Edge Chromium 120,,,2024-02-08 19:44:33,2024-02-08 19:44:39,6.144s,PASSED
"click(findTestObject(""Object Repository/Amazon_SignIn_OR/Page_Online Shopping site in India Shop Onl_10c5f3/span_Hello, sign in""))",Edge Chromium 120,,,2024-02-08 19:44:39,2024-02-08 19:44:43,3.579s,PASSED
"setText(findTestObject(""Object Repository/Amazon_SignIn_OR/Page_Amazon Sign In/input_Email or mobile phone number_email""), UserID)",Edge Chromium 120,,,2024-02-08 19:44:43,2024-02-08 19:44:44,1.666s,PASSED
"click(findTestObject(""Object Repository/Amazon_SignIn_OR/Page_Amazon Sign In/input_Enter your email or mobile phone numb_fc7402""))",Edge Chromium 120,,,2024-02-08 19:44:44,2024-02-08 19:44:48,4.181s,PASSED
"setText(findTestObject(""Object Repository/Amazon_SignIn_OR/Page_Amazon Sign In/input_Forgot Password_password""), Password)",Edge Chromium 120,,,2024-02-08 19:44:48,2024-02-08 19:44:49,1.084s,PASSED
"click(findTestObject(""Object Repository/Amazon_SignIn_OR/Page_Amazon Sign In/input_Enter your password_signInSubmit""))",Edge Chromium 120,,,2024-02-08 19:44:49,2024-02-08 19:44:54,4.421s,PASSED
"click(findTestObject(""Object Repository/Amazon_SignIn_OR/Page_Online Shopping site in India Shop Onl_10c5f3/a_in""))",Edge Chromium 120,,,2024-02-08 19:44:54,2024-02-08 19:44:57,2.897s,PASSED
closeBrowser(),Edge Chromium 120,,,2024-02-08 19:44:57,2024-02-08 19:44:58,0.822s,PASSED
Start listener action : sampleAfterTestCase,Edge Chromium 120,,,2024-02-08 19:44:58,2024-02-08 19:44:58,0.003s,PASSED
