Suite/Test/Step Name,Browser,Description,Tag,Start time,End time,Duration,Status
Amazon_Sign_Up,Edge Chromium 120,,,2024-02-08 16:28:01,2024-02-08 16:28:22,21.223s,PASSED
,,,,,,,
Test Cases/Amazon_SignUp_TC_001,Edge Chromium 120,user register into new account,Singup,2024-02-08 16:28:01,2024-02-08 16:28:22,21.020s,PASSED
"openBrowser("""")",Edge Chromium 120,,,2024-02-08 16:28:01,2024-02-08 16:28:03,2.013s,PASSED
"navigateToUrl(""https://www.amazon.com/"")",Edge Chromium 120,,,2024-02-08 16:28:03,2024-02-08 16:28:09,5.977s,PASSED
"click(findTestObject(""Object Repository/Amazon_SignUp_OR/Page_Amazon.com. Spend less. Smile more/span_Hello, sign in""))",Edge Chromium 120,,,2024-02-08 16:28:09,2024-02-08 16:28:13,4.209s,PASSED
"click(findTestObject(""Object Repository/Amazon_SignUp_OR/Page_Amazon Sign-In/a_Create your Amazon account""))",Edge Chromium 120,,,2024-02-08 16:28:13,2024-02-08 16:28:16,2.272s,PASSED
"setText(findTestObject(""Object Repository/Amazon_SignUp_OR/Page_Amazon Registration/input_Your name_customerName""), ""RaviSaiChowdary"")",Edge Chromium 120,,,2024-02-08 16:28:16,2024-02-08 16:28:18,1.856s,PASSED
"setText(findTestObject(""Object Repository/Amazon_SignUp_OR/Page_Amazon Registration/input_US 1_email""), userId)",Edge Chromium 120,,,2024-02-08 16:28:18,2024-02-08 16:28:18,0.738s,PASSED
"setText(findTestObject(""Object Repository/Amazon_SignUp_OR/Page_Amazon Registration/input_Password_password""), Password)",Edge Chromium 120,,,2024-02-08 16:28:18,2024-02-08 16:28:19,0.719s,PASSED
"setText(findTestObject(""Object Repository/Amazon_SignUp_OR/Page_Amazon Registration/input_Re-enter password_passwordCheck""), Confirm)",Edge Chromium 120,,,2024-02-08 16:28:19,2024-02-08 16:28:20,0.804s,PASSED
"click(findTestObject(""Object Repository/Amazon_SignUp_OR/Page_Amazon Registration/input_Passwords must match_continue""))",Edge Chromium 120,,,2024-02-08 16:28:20,2024-02-08 16:28:22,2.013s,PASSED
