Suite/Test/Step Name,Browser,Description,Tag,Start time,End time,Duration,Status
Amazon_SignIn_TS,Edge Chromium 120,,,2024-02-08 18:57:56,2024-02-08 18:59:04,1m - 7.088s,PASSED
,,,,,,,
Test Cases/Amazon_SignIn_TC_002,Edge Chromium 120,sign in,SignIn,2024-02-08 18:57:57,2024-02-08 18:59:04,1m - 6.702s,PASSED
Start listener action : sampleBeforeTestCase,Edge Chromium 120,,,2024-02-08 18:57:57,2024-02-08 18:58:10,13.512s,PASSED
"openBrowser("""")",Edge Chromium 120,,,2024-02-08 18:58:11,2024-02-08 18:58:13,2.234s,PASSED
"navigateToUrl(""https://www.amazon.in/"")",Edge Chromium 120,,,2024-02-08 18:58:13,2024-02-08 18:58:26,12.709s,PASSED
"click(findTestObject(""Object Repository/Amazon_SignIn_OR/Page_Online Shopping site in India Shop Onl_10c5f3/span_Hello, sign in""))",Edge Chromium 120,,,2024-02-08 18:58:26,2024-02-08 18:58:33,6.754s,PASSED
"setText(findTestObject(""Object Repository/Amazon_SignIn_OR/Page_Amazon Sign In/input_Email or mobile phone number_email""), UserID)",Edge Chromium 120,,,2024-02-08 18:58:33,2024-02-08 18:58:36,3.431s,PASSED
"click(findTestObject(""Object Repository/Amazon_SignIn_OR/Page_Amazon Sign In/input_Enter your email or mobile phone numb_fc7402""))",Edge Chromium 120,,,2024-02-08 18:58:36,2024-02-08 18:58:41,4.917s,PASSED
"setText(findTestObject(""Object Repository/Amazon_SignIn_OR/Page_Amazon Sign In/input_Forgot Password_password""), Password)",Edge Chromium 120,,,2024-02-08 18:58:41,2024-02-08 18:58:47,5.439s,PASSED
"click(findTestObject(""Object Repository/Amazon_SignIn_OR/Page_Amazon Sign In/input_Enter your password_signInSubmit""))",Edge Chromium 120,,,2024-02-08 18:58:47,2024-02-08 18:58:49,2.005s,PASSED
"click(findTestObject(""Object Repository/Amazon_SignIn_OR/Page_Online Shopping site in India Shop Onl_10c5f3/a_in""))",Edge Chromium 120,,,2024-02-08 18:58:49,2024-02-08 18:59:03,14.040s,PASSED
closeBrowser(),Edge Chromium 120,,,2024-02-08 18:59:03,2024-02-08 18:59:04,0.874s,PASSED
Start listener action : sampleAfterTestCase,Edge Chromium 120,,,2024-02-08 18:59:04,2024-02-08 18:59:04,0.001s,PASSED
