Suite/Test/Step Name,Browser,Description,Tag,Start time,End time,Duration,Status
Amazon_SignIn_TS,,,,2024-02-08 21:28:40,2024-02-08 21:28:47,6.803s,FAILED
,,,,,,,
Test Cases/Amazon_SignIn_TC_002,,sign in,SignIn,2024-02-08 21:28:41,2024-02-08 21:28:47,6.361s,FAILED
Start listener action : sampleBeforeTestCase,,,,2024-02-08 21:28:41,2024-02-08 21:28:44,2.888s,ERROR
Start listener action : sampleBeforeTestCase,,,,2024-02-08 21:28:44,2024-02-08 21:28:45,1.345s,ERROR
"openBrowser("""")",,,,2024-02-08 21:28:46,2024-02-08 21:28:47,1.456s,FAILED
Start listener action : sampleAfterTestCase,,,,2024-02-08 21:28:47,2024-02-08 21:28:47,0.001s,PASSED
Start listener action : sampleAfterTestCase,,,,2024-02-08 21:28:47,2024-02-08 21:28:47,0.001s,PASSED
