Suite/Test/Step Name,Browser,Description,Tag,Start time,End time,Duration,Status
Amazon_TesTListener,Edge Chromium 120,,,2024-02-08 16:46:40,2024-02-08 16:47:22,42.738s,PASSED
,,,,,,,
Test Cases/Amazon_SignUp_TC_001,Edge Chromium 120,user register into new account,Singup,2024-02-08 16:46:40,2024-02-08 16:47:22,42.491s,PASSED
Start listener action : sampleBeforeTestCase,Edge Chromium 120,,,2024-02-08 16:46:40,2024-02-08 16:46:57,16.715s,PASSED
"openBrowser("""")",Edge Chromium 120,,,2024-02-08 16:46:57,2024-02-08 16:46:59,1.942s,PASSED
"navigateToUrl(""https://www.amazon.com/"")",Edge Chromium 120,,,2024-02-08 16:46:59,2024-02-08 16:47:09,9.744s,PASSED
"click(findTestObject(""Object Repository/Amazon_SignUp_OR/Page_Amazon.com. Spend less. Smile more/span_Hello, sign in""))",Edge Chromium 120,,,2024-02-08 16:47:09,2024-02-08 16:47:13,3.949s,PASSED
"click(findTestObject(""Object Repository/Amazon_SignUp_OR/Page_Amazon Sign-In/a_Create your Amazon account""))",Edge Chromium 120,,,2024-02-08 16:47:13,2024-02-08 16:47:15,2.468s,PASSED
"setText(findTestObject(""Object Repository/Amazon_SignUp_OR/Page_Amazon Registration/input_Your name_customerName""), ""RaviSaiChowdary"")",Edge Chromium 120,,,2024-02-08 16:47:15,2024-02-08 16:47:17,1.512s,PASSED
"setText(findTestObject(""Object Repository/Amazon_SignUp_OR/Page_Amazon Registration/input_US 1_email""), userId)",Edge Chromium 120,,,2024-02-08 16:47:17,2024-02-08 16:47:17,0.848s,PASSED
"setText(findTestObject(""Object Repository/Amazon_SignUp_OR/Page_Amazon Registration/input_Password_password""), Password)",Edge Chromium 120,,,2024-02-08 16:47:17,2024-02-08 16:47:18,0.812s,PASSED
"setText(findTestObject(""Object Repository/Amazon_SignUp_OR/Page_Amazon Registration/input_Re-enter password_passwordCheck""), Confirm)",Edge Chromium 120,,,2024-02-08 16:47:18,2024-02-08 16:47:19,1.030s,PASSED
"click(findTestObject(""Object Repository/Amazon_SignUp_OR/Page_Amazon Registration/input_Passwords must match_continue""))",Edge Chromium 120,,,2024-02-08 16:47:19,2024-02-08 16:47:21,2.269s,PASSED
Start listener action : sampleAfterTestCase,Edge Chromium 120,,,2024-02-08 16:47:21,2024-02-08 16:47:22,0.797s,PASSED
