Suite/Test/Step Name,Browser,Description,Tag,Start time,End time,Duration,Status
Amazon_SignIn_TS,,,,2024-02-11 16:23:40,2024-02-11 16:23:46,6.037s,FAILED
,,,,,,,
Test Cases/Amazon_SignIn_TC_002,,sign in,SignIn,2024-02-11 16:23:41,2024-02-11 16:23:46,5.620s,FAILED
Start listener action : sampleBeforeTestCase,,,,2024-02-11 16:23:41,2024-02-11 16:23:43,2.428s,ERROR
Start listener action : sampleBeforeTestCase,,,,2024-02-11 16:23:43,2024-02-11 16:23:45,1.461s,ERROR
"openBrowser("""")",,,,2024-02-11 16:23:45,2024-02-11 16:23:46,1.442s,FAILED
Start listener action : sampleAfterTestCase,,,,2024-02-11 16:23:46,2024-02-11 16:23:46,0.000s,PASSED
Start listener action : sampleAfterTestCase,,,,2024-02-11 16:23:46,2024-02-11 16:23:46,0.000s,PASSED
