Suite/Test/Step Name,Browser,Description,Tag,Start time,End time,Duration,Status
Amazon_SignIn_TS,Firefox 122.0,,,2024-02-11 16:52:12,2024-02-11 16:53:25,1m - 13.087s,PASSED
,,,,,,,
Test Cases/Amazon_SignIn_TC_002,Firefox 122.0,sign in,SignIn,2024-02-11 16:52:12,2024-02-11 16:53:25,1m - 12.640s,PASSED
Start listener action : sampleBeforeTestCase,Firefox 122.0,,,2024-02-11 16:52:12,2024-02-11 16:52:18,5.845s,PASSED
Start listener action : sampleBeforeTestCase,Firefox 122.0,,,2024-02-11 16:52:18,2024-02-11 16:52:27,9.192s,PASSED
"openBrowser("""")",Firefox 122.0,,,2024-02-11 16:52:28,2024-02-11 16:52:35,6.947s,PASSED
"navigateToUrl(""https://www.amazon.in/"")",Firefox 122.0,,,2024-02-11 16:52:35,2024-02-11 16:52:42,7.385s,PASSED
"click(findTestObject(""Object Repository/Amazon_SignIn_OR/Page_Online Shopping site in India Shop Onl_10c5f3/span_Hello, sign in""))",Firefox 122.0,,,2024-02-11 16:52:42,2024-02-11 16:52:50,7.632s,PASSED
"verifyCheckpoint(findCheckpoint(""Checkpoints/AmazonSigin_CheckPoint""), true)",Firefox 122.0,,,2024-02-11 16:52:50,2024-02-11 16:52:58,7.794s,PASSED
"setText(findTestObject(""Object Repository/Amazon_SignIn_OR/Page_Amazon Sign In/input_Email or mobile phone number_email""), UserID)",Firefox 122.0,,,2024-02-11 16:52:58,2024-02-11 16:52:59,1.274s,PASSED
"click(findTestObject(""Object Repository/Amazon_SignIn_OR/Page_Amazon Sign In/input_Enter your email or mobile phone numb_fc7402""))",Firefox 122.0,,,2024-02-11 16:52:59,2024-02-11 16:53:04,5.190s,PASSED
"setText(findTestObject(""Object Repository/Amazon_SignIn_OR/Page_Amazon Sign In/input_Forgot Password_password""), Password)",Firefox 122.0,,,2024-02-11 16:53:04,2024-02-11 16:53:05,0.777s,PASSED
"click(findTestObject(""Object Repository/Amazon_SignIn_OR/Page_Amazon Sign In/input_Enter your password_signInSubmit""))",Firefox 122.0,,,2024-02-11 16:53:05,2024-02-11 16:53:20,14.550s,PASSED
"click(findTestObject(""Object Repository/Amazon_SignIn_OR/Page_Online Shopping site in India Shop Onl_10c5f3/a_in""))",Firefox 122.0,,,2024-02-11 16:53:20,2024-02-11 16:53:25,4.976s,PASSED
Start listener action : sampleAfterTestCase,Firefox 122.0,,,2024-02-11 16:53:25,2024-02-11 16:53:25,0.001s,PASSED
Start listener action : sampleAfterTestCase,Firefox 122.0,,,2024-02-11 16:53:25,2024-02-11 16:53:25,0.001s,PASSED
