Suite/Test/Step Name,Browser,Description,Tag,Start time,End time,Duration,Status
Amazon_Sign_Up,Firefox 122.0,,,2024-02-08 16:24:52,2024-02-08 16:25:19,26.838s,PASSED
,,,,,,,
Test Cases/Amazon_SignUp_TC_001,Firefox 122.0,user register into new account,Singup,2024-02-08 16:24:52,2024-02-08 16:25:19,26.634s,PASSED
"openBrowser("""")",Firefox 122.0,,,2024-02-08 16:24:53,2024-02-08 16:24:56,3.353s,PASSED
"navigateToUrl(""https://www.amazon.com/"")",Firefox 122.0,,,2024-02-08 16:24:56,2024-02-08 16:25:01,4.684s,PASSED
"click(findTestObject(""Object Repository/Amazon_SignUp_OR/Page_Amazon.com. Spend less. Smile more/span_Hello, sign in""))",Firefox 122.0,,,2024-02-08 16:25:01,2024-02-08 16:25:03,2.764s,PASSED
"click(findTestObject(""Object Repository/Amazon_SignUp_OR/Page_Amazon Sign-In/a_Create your Amazon account""))",Firefox 122.0,,,2024-02-08 16:25:03,2024-02-08 16:25:06,2.768s,PASSED
"setText(findTestObject(""Object Repository/Amazon_SignUp_OR/Page_Amazon Registration/input_Your name_customerName""), ""RaviSaiChowdary"")",Firefox 122.0,,,2024-02-08 16:25:06,2024-02-08 16:25:07,1.324s,PASSED
"setText(findTestObject(""Object Repository/Amazon_SignUp_OR/Page_Amazon Registration/input_US 1_email""), userId)",Firefox 122.0,,,2024-02-08 16:25:07,2024-02-08 16:25:08,0.650s,PASSED
"setText(findTestObject(""Object Repository/Amazon_SignUp_OR/Page_Amazon Registration/input_Password_password""), Password)",Firefox 122.0,,,2024-02-08 16:25:08,2024-02-08 16:25:09,1.088s,PASSED
"setText(findTestObject(""Object Repository/Amazon_SignUp_OR/Page_Amazon Registration/input_Re-enter password_passwordCheck""), Confirm)",Firefox 122.0,,,2024-02-08 16:25:09,2024-02-08 16:25:10,0.765s,PASSED
"click(findTestObject(""Object Repository/Amazon_SignUp_OR/Page_Amazon Registration/input_Passwords must match_continue""))",Firefox 122.0,,,2024-02-08 16:25:10,2024-02-08 16:25:19,8.846s,PASSED
